"","NAME","total_population","below_poverty_num","above_poverty_num","poverty_percentage","tot_less_than_HS","tot_HS","tot_some_college","tot_bachelor_plus","HS_PLUS_percentage"
"1","Ada Exempted Village School District, Ohio",3656,435,3221,0.11898249452954,401,1309,850,1096,0.890317286652079
"2","Adams County/Ohio Valley Local School District, Ohio",15761,2639,13122,0.167438614301123,2974,7075,3602,2110,0.811306389188503
"3","Adena Local School District, Ohio",4586,611,3975,0.133231574356738,499,2019,1239,829,0.891190580026167
"4","Akron City School District, Ohio",124724,23640,101084,0.189538501010231,16414,43858,39573,24879,0.868397421506687
"5","Alexander Local School District, Ohio",7684,1159,6525,0.150832899531494,510,3181,2179,1814,0.933628318584071
"6","Allen East Local School District, Ohio",3976,255,3721,0.0641348088531187,198,1907,1336,535,0.950201207243461
"7","Alliance City School District, Ohio",13216,2533,10683,0.191661622276029,1714,6005,3059,2438,0.870308716707022
"8","Amanda-Clearcreek Local School District, Ohio",5959,303,5656,0.0508474576271186,600,2618,1531,1210,0.899311965094815
"9","Amherst Exempted Village School District, Ohio",17364,1002,16362,0.057705597788528,1131,5166,6597,4470,0.934865238424326
"10","Anna Local School District, Ohio",3570,140,3430,0.0392156862745098,93,1636,1052,789,0.973949579831933
"11","Ansonia Local School District, Ohio",2469,203,2266,0.0822195220737141,333,1113,695,328,0.865127582017011
"12","Anthony Wayne Local School District, Ohio",19987,807,19180,0.0403762445589633,506,4511,6275,8695,0.974683544303797
"13","Antwerp Local School District, Ohio",2636,148,2488,0.0561456752655539,139,1413,720,364,0.947268588770865
"14","Arcadia Local School District, Ohio",1982,127,1855,0.0640766902119072,89,901,683,309,0.955095862764884
"15","Arcanum-Butler Local School District, Ohio",4013,170,3843,0.0423623224520309,233,1899,1282,599,0.941938699227511
"16","Archbold Area Local School District, Ohio",4608,233,4375,0.0505642361111111,383,1613,1564,1048,0.916883680555556
"17","Arlington Local School District, Ohio",2540,255,2285,0.100393700787402,131,1096,747,566,0.948425196850394
"18","Ashland City School District, Ohio",16446,1612,14834,0.0980177550772224,1588,6120,4188,4550,0.903441566338319
"19","Ashtabula Area City School District, Ohio",18839,4206,14633,0.223260257975476,2835,8154,5024,2826,0.849514305430225
"20","Athens City School District, Ohio",15577,3057,12520,0.19625088271169,1175,3510,3192,7700,0.92456827373692
"21","Aurora City School District, Ohio",11263,380,10883,0.0337387907307112,508,2285,2539,5931,0.954896563970523
"22","Austintown Local School District, Ohio",24872,2461,22411,0.0989466066259247,1645,9992,7604,5631,0.933861370215503
"23","Avon Lake City School District, Ohio",16790,933,15857,0.0555687909469923,563,3036,4703,8488,0.966468135795116
"24","Avon Local School District, Ohio",14526,377,14149,0.0259534627564367,456,2381,3789,7900,0.968608013217679
"25","Ayersville Local School District, Ohio",2633,146,2487,0.0554500569692366,159,1289,817,368,0.939612609191037
"26","Barberton City School District, Ohio",18642,2705,15937,0.145102456817938,2914,8574,4398,2756,0.843686299753245
"27","Barnesville Exempted Village School District, Ohio",4852,541,4311,0.111500412201154,471,1918,1589,874,0.902926628194559
"28","Batavia Local School District, Ohio",8340,946,7394,0.113429256594724,805,2580,2690,2265,0.90347721822542
"29","Bath Local School District, Ohio",7204,712,6492,0.0988339811215991,703,2441,2460,1600,0.902415324819545
"30","Bay Village City School District, Ohio",10541,424,10117,0.040223887676691,234,1109,2087,7111,0.977800967650128
"31","Beachwood City School District, Ohio",8109,354,7755,0.0436551979282279,247,993,1397,5472,0.969540017264768
"32","Beaver Local School District, Ohio",9498,760,8738,0.0800168456517162,1066,4143,3062,1227,0.887765845441145
"33","Beavercreek City School District, Ohio",39596,1728,37868,0.0436407717951308,954,6603,11394,20645,0.975906657238105
"34","Bedford City School District, Ohio",21157,2711,18446,0.128137259535851,1799,7485,7622,4251,0.914969040979345
"35","Bellaire Local School District, Ohio",6883,1297,5586,0.188435275315996,767,2992,2367,757,0.888566032253378
"36","Bellbrook-Sugarcreek Local School District, Ohio",11283,260,11023,0.0230435167951786,277,1779,3034,6193,0.97544979172206
"37","Bellefontaine City School District, Ohio",9775,1244,8531,0.127263427109974,569,4941,2592,1673,0.941790281329923
"38","Bellevue City School District, Ohio",8479,573,7906,0.067578723906121,479,3791,2832,1377,0.943507489090695
"39","Belpre City School District, Ohio",6128,708,5420,0.115535248041775,772,2181,2270,905,0.87402088772846
"40","Benjamin Logan Local School District, Ohio",7587,478,7109,0.0630025042836431,503,3443,2232,1409,0.933702385659681
"41","Benton-Carroll-Salem Local School District, Ohio",7419,483,6936,0.0651031136271735,681,2885,2372,1481,0.908208653457339
"42","Berea City School District, Ohio",36985,3054,33931,0.0825740164931729,3085,11766,11850,10284,0.916587805867244
"43","Berkshire Local School District, Ohio",9163,653,8510,0.0712648695841973,1111,3058,2841,2153,0.87875150060024
"44","Berne Union Local School District, Ohio",3826,278,3548,0.0726607422895975,301,1858,1198,469,0.921327757449033
"45","Bethel-Tate Local School District, Ohio",6517,813,5704,0.124750652140555,968,2888,1706,955,0.851465398189351
"46","Bethel Local School District, Ohio",5667,265,5402,0.0467619551791071,309,1945,1671,1742,0.945473795659079
"47","Bexley City School District, Ohio",8084,382,7702,0.0472538347352796,163,622,1124,6175,0.979836714497773
"48","Big Walnut Local School District, Ohio",14961,686,14275,0.0458525499632378,710,3657,4007,6587,0.952543279192567
"49","Black River Local School District, Ohio",6817,621,6196,0.0910957899369224,848,2911,1887,1171,0.875605104884847
"50","Blanchester Local School District, Ohio",5686,700,4986,0.123109391487865,889,2614,1519,664,0.843651072810412
"51","Bloom-Carroll Local School District, Ohio",8208,242,7966,0.0294834307992203,287,2675,2740,2506,0.965034113060429
"52","Bloom-Vernon Local School District, Ohio",3562,693,2869,0.194553621560921,461,1641,904,556,0.870578326782706
"53","Bloomfield-Mespo Local School District, Ohio",2260,263,1997,0.116371681415929,1029,717,267,247,0.544690265486726
"54","Bluffton Exempted Village School District, Ohio",4397,194,4203,0.0441209915851717,268,1283,1229,1617,0.939049351830794
"55","Boardman Local School District, Ohio",25502,2243,23259,0.0879538859697279,1436,7655,7789,8622,0.943690690926202
"56","Botkins Local School District, Ohio",1638,60,1578,0.0366300366300366,104,753,524,257,0.936507936507937
"57","Bowling Green City School District, Ohio",16802,1891,14911,0.112546125461255,802,4553,4598,6849,0.952267587192001
"58","Bradford Exempted Village School District, Ohio",2440,192,2248,0.0786885245901639,259,1310,629,242,0.893852459016393
"59","Brecksville-Broadview Heights City School District, Ohio",18790,560,18230,0.0298030867482704,388,3915,4680,9807,0.97935071846727
"60","Bridgeport Exempted Village School District, Ohio",4476,605,3871,0.135165326184093,585,1940,1435,516,0.869302949061662
"61","Bright Local School District, Ohio",3721,414,3307,0.11126041386724,653,1751,1027,290,0.824509540446117
"62","Bristol Local School District, Ohio",3432,255,3177,0.0743006993006993,662,1541,779,450,0.807109557109557
"63","Brookfield Local School District, Ohio",6183,990,5193,0.160116448326055,524,3336,1311,1012,0.915251496037522
"64","Brooklyn City School District, Ohio",7622,616,7006,0.0808186827604303,841,2875,2371,1535,0.889661506166361
"65","Brookville Local School District, Ohio",7143,367,6776,0.0513789724205516,399,2381,2607,1756,0.944141117177656
"66","Brown Local School District, Ohio",3759,523,3236,0.139132748071296,161,1739,1187,672,0.957169459962756
"67","Brunswick City School District, Ohio",32220,1722,30498,0.0534450651769088,1782,10017,11119,9302,0.944692737430168
"68","Bryan City School District, Ohio",8597,712,7885,0.0828195882284518,417,3404,3235,1541,0.951494707456089
"69","Buckeye Central Local School District, Ohio",3512,253,3259,0.0720387243735763,270,1703,1030,509,0.923120728929385
"70","Buckeye Local School District (Ashtabula County), Ohio",7288,878,6410,0.120472008781559,729,3146,2192,1221,0.899972557628979
"71","Buckeye Local School District (Belmont, Harrison, and Jefferson Counties); Ohio",10614,1311,9303,0.12351611079706,996,5393,3091,1134,0.90616167326173
"72","Buckeye Local School District (Lorain and Medina Counties), Ohio",10257,536,9721,0.0522569952227747,558,3638,2842,3219,0.945598128107634
"73","Buckeye Valley Local School District, Ohio",12869,389,12480,0.0302276789183309,745,3938,3432,4754,0.942108943973891
"74","Bucyrus City School District, Ohio",7503,849,6654,0.113154738104758,785,3804,2080,834,0.895375183260029
"75","Caldwell Exempted Village School District, Ohio",4617,639,3978,0.138401559454191,524,2200,1435,458,0.886506389430366
"76","Cambridge City School District, Ohio",10615,2117,8498,0.199434762129063,1371,4480,3291,1473,0.870843146490815
"77","Campbell City School District, Ohio",5248,1283,3965,0.244474085365854,794,2202,1770,482,0.848704268292683
"78","Canal Winchester Local School District, Ohio",13219,557,12662,0.0421363189348665,441,3978,4033,4767,0.966638928814585
"79","Canfield Local School District, Ohio",13243,541,12702,0.0408517707468096,331,3171,3338,6403,0.975005663369327
"80","Canton City School District, Ohio",39309,9303,30006,0.236663359535984,5684,15843,12923,4859,0.855402070772597
"81","Canton Local School District, Ohio",8878,748,8130,0.0842532101824735,874,4293,2638,1073,0.901554404145078
"82","Cardinal Local School District, Ohio",7792,668,7124,0.0857289527720739,3182,2113,1409,1088,0.591632443531828
"83","Cardington-Lincoln Local School District, Ohio",4864,486,4378,0.0999177631578947,635,2193,1346,690,0.869449013157895
"84","Carey Exempted Village School District, Ohio",3431,267,3164,0.0778198775867094,266,1716,1038,411,0.922471582628971
"85","Carlisle Local School District, Ohio",7033,363,6670,0.0516138205602161,866,2662,2420,1085,0.876866202189677
"86","Carrollton Exempted Village School District, Ohio",10830,1039,9791,0.0959372114496768,1418,5323,2680,1409,0.869067405355494
"87","Cedar Cliff Local School District, Ohio",2600,104,2496,0.04,78,574,775,1173,0.97
"88","Celina City School District, Ohio",12367,807,11560,0.0652543058138595,949,5434,3752,2232,0.923263523894235
"89","Centerburg Local School District, Ohio",4313,235,4078,0.0544864363552052,138,1691,1386,1098,0.968003709714816
"90","Centerville City School District, Ohio",40493,1854,38639,0.0457856913540612,1137,5876,11063,22417,0.971921072778011
"91","Central Local School District, Ohio",3951,263,3688,0.0665654264743103,419,1662,1197,673,0.893950898506707
"92","Chagrin Falls Exempted Village School District, Ohio",6936,168,6768,0.0242214532871972,114,599,1289,4934,0.98356401384083
"93","Champion Local School District, Ohio",6612,283,6329,0.0428009679370841,398,2961,1948,1305,0.939806412583182
"94","Chardon Local School District, Ohio",15014,935,14079,0.0622752098041828,765,3974,4923,5352,0.94904755561476
"95","Chesapeake Union Exempted Village School District, Ohio",5264,872,4392,0.165653495440729,710,2237,1340,977,0.865121580547112
"96","Chillicothe City School District, Ohio",15483,2724,12759,0.175934896337919,1856,6116,4841,2670,0.880126590454046
"97","Chippewa Local School District, Ohio",6827,426,6401,0.0623992969093306,424,2737,1945,1721,0.937893657536253
"98","Cincinnati City School District, Ohio",214604,39396,175208,0.183575329443999,24181,52991,58071,79361,0.887322696687853
"99","Circleville City School District, Ohio",10563,1750,8813,0.165672630881378,1372,4708,2663,1820,0.870112657388999
"100","Clark-Shawnee Local School District, Ohio",8173,456,7717,0.0557934662914474,692,2765,2918,1798,0.915330967820874
"101","Clay Local School District, Ohio",2444,269,2175,0.110065466448445,266,890,914,374,0.891162029459902
"102","Claymont City School District, Ohio",7828,1375,6453,0.1756515074093,1275,3890,1877,786,0.837123147675013
"103","Clear Fork Valley Local School District, Ohio",7022,471,6551,0.0670749074337795,891,2775,1883,1473,0.873113073198519
"104","Clearview Local School District, Ohio",4190,800,3390,0.190930787589499,908,1476,1308,498,0.783293556085919
"105","Clermont Northeastern Local School District, Ohio",9741,758,8983,0.0778154193614619,1357,4043,2664,1677,0.860691920747357
"106","Cleveland Heights-University Heights City School District, Ohio",36308,4320,31988,0.118982042525063,1661,5115,9061,20471,0.954252506334692
"107","Cleveland Municipal School District, Ohio",256543,69003,187540,0.268972452961102,48564,84080,78725,45174,0.810698401437576
"108","Clinton-Massie Local School District, Ohio",7283,296,6987,0.0406425923383221,412,2646,2508,1717,0.943429905258822
"109","Cloverleaf Local School District, Ohio",14440,1003,13437,0.0694598337950138,1086,6246,4211,2897,0.924792243767313
"110","Clyde-Green Springs Exempted Village School District, Ohio",8725,904,7821,0.103610315186246,796,3979,2887,1063,0.908767908309456
"111","Coldwater Exempted Village School District, Ohio",4132,134,3998,0.0324298160696999,225,1914,1159,834,0.945546950629235
"112","College Corner Local School District, Ohio",369,56,313,0.151761517615176,65,128,117,59,0.823848238482385
"113","Colonel Crawford Local School District, Ohio",4185,210,3975,0.0501792114695341,257,1945,1171,812,0.938590203106332
"114","Columbia Local School District, Ohio",5138,279,4859,0.0543012845465162,355,1912,1717,1154,0.930906967691709
"115","Columbiana Exempted Village School District, Ohio",5556,419,5137,0.0754139668826494,209,2121,1665,1561,0.962383009359251
"116","Columbus City School District, Ohio",365948,63769,302179,0.174256998262048,43381,97497,99078,125992,0.881455835255282
"117","Columbus Grove Local School District, Ohio",3045,177,2868,0.058128078817734,195,1319,1016,515,0.935960591133005
"118","Conneaut Area City School District, Ohio",8782,1318,7464,0.150079708494648,869,4067,2548,1298,0.901047597358233
"119","Conotton Valley Union Local School District, Ohio",2612,367,2245,0.140505359877489,238,1411,617,346,0.908882082695253
"120","Continental Local School District, Ohio",2460,289,2171,0.117479674796748,170,1363,653,274,0.930894308943089
"121","Copley-Fairlawn City School District, Ohio",15254,654,14600,0.0428740002622263,309,3042,4131,7772,0.979743018224728
"122","Cory-Rawson Local School District, Ohio",2824,123,2701,0.0435552407932011,138,1081,873,732,0.951133144475921
"123","Coshocton City School District, Ohio",7572,1072,6500,0.141574220813523,814,3683,1910,1165,0.892498679344955
"124","Coventry Local School District, Ohio",10190,915,9275,0.0897939156035329,751,3582,3282,2575,0.926300294406281
"125","Covington Exempted Village School District, Ohio",3247,259,2988,0.0797659377887281,377,1425,1026,419,0.883892824145365
"126","Crestline Exempted Village School District, Ohio",3512,421,3091,0.119874715261959,469,1536,1143,364,0.866457858769932
"127","Crestview Local School District (Ashland and Richland Counties), Ohio",4709,508,4201,0.107878530473561,732,1688,1353,936,0.844552983648333
"128","Crestview Local School District (Columbiana County), Ohio",4074,274,3800,0.0672557682866961,429,1763,1195,687,0.894698085419735
"129","Crestview Local School District (Van Wert County), Ohio",3137,154,2983,0.0490914886834555,279,1264,1016,578,0.911061523748805
"130","Crestwood Local School District, Ohio",9970,734,9236,0.0736208625877633,914,4370,2536,2150,0.908324974924774
"131","Crooksville Exempted Village School District, Ohio",3618,588,3030,0.162520729684909,391,2116,868,243,0.891929242675511
"132","Cuyahoga Falls City School District, Ohio",29622,2463,27159,0.0831476605225846,1700,8396,9419,10107,0.942610222132199
"133","Cuyahoga Heights Local School District, Ohio",3009,146,2863,0.0485211033565969,139,1054,830,986,0.953805250913925
"134","Dalton Local School District, Ohio",4262,291,3971,0.0682778038479587,902,1638,864,858,0.788362271234162
"135","Danbury Local School District, Ohio",4283,258,4025,0.0602381508288583,221,1392,1371,1299,0.948400653747373
"136","Danville Local School District, Ohio",2325,209,2116,0.0898924731182796,221,1066,648,390,0.90494623655914
"137","Dawson-Bryant Local School District, Ohio",4173,429,3744,0.102803738317757,642,1690,1205,636,0.846153846153846
"138","Dayton City School District, Ohio",93236,23823,69413,0.25551289201596,14918,28085,33991,16242,0.839997425886996
"139","Deer Park Community City School District, Ohio",8748,459,8289,0.0524691358024691,696,2532,2614,2906,0.920438957475994
"140","Defiance City School District, Ohio",10920,1020,9900,0.0934065934065934,1090,4432,3342,2056,0.90018315018315
"141","Delaware City School District, Ohio",25680,2329,23351,0.0906931464174455,1830,7399,8011,8440,0.928738317757009
"142","Delphos City School District, Ohio",6867,374,6493,0.054463375564293,503,3025,2114,1225,0.926751128585991
"143","Dover City School District, Ohio",11584,805,10779,0.0694924033149171,1124,4271,2928,3261,0.902969613259669
"144","Dublin City School District, Ohio",59124,2671,56453,0.0451762397672688,1778,6510,11775,39061,0.969927609769298
"145","East Cleveland City School District, Ohio",13587,3968,9619,0.292043865459631,2165,4830,4620,1972,0.840656509899168
"146","East Clinton Local School District, Ohio",5539,686,4853,0.123849070229283,684,2543,1552,760,0.876512005777216
"147","East Guernsey Local School District, Ohio",5585,556,5029,0.0995523724261415,982,2323,1333,947,0.824171888988362
"148","East Holmes Local School District, Ohio",11237,643,10594,0.0572216783839103,7408,2001,1122,706,0.340749310314141
"149","East Knox Local School District, Ohio",6911,747,6164,0.108088554478368,676,2735,2132,1368,0.90218492258718
"150","East Liverpool City School District, Ohio",10537,1964,8573,0.186390813324476,1489,4868,3172,1008,0.858688431242289
"151","East Muskingum Local School District, Ohio",8102,492,7610,0.0607257467292027,948,3149,2327,1678,0.882991853863244
"152","East Palestine City School District, Ohio",5437,503,4934,0.0925142541842928,559,2473,1563,842,0.897185948133162
"153","Eastern Local School District (Adams, Brown, and Highland Counties); Ohio",5739,927,4812,0.161526398327235,733,2412,1523,1071,0.872277400243945
"154","Eastern Local School District (Jackson, Pike, and Scioto Counties); Ohio",3340,588,2752,0.176047904191617,521,1573,841,405,0.844011976047904
"155","Eastern Local School District (Meigs County), Ohio",3913,469,3444,0.119856887298748,479,1816,1138,480,0.877587528750319
"156","Eastwood Local School District, Ohio",6065,365,5700,0.0601813685078318,292,2121,2048,1604,0.951854905193735
"157","Eaton Community City School District, Ohio",9659,1072,8587,0.110984573972461,869,4010,3017,1763,0.910032094419712
"158","Edgerton Local School District, Ohio",2779,151,2628,0.0543360921194674,228,1232,859,460,0.917956099316301
"159","Edgewood City School District, Ohio",12695,923,11772,0.0727057896809768,1068,5445,4069,2113,0.915872390705002
"160","Edison Local (formerly Berlin-Milan) School District, Ohio",6212,427,5785,0.0687379265936896,380,2643,1771,1418,0.93882807469414
"161","Edison Local School District, Ohio",10371,1178,9193,0.113585960852377,997,4928,3224,1222,0.903866550959406
"162","Edon Northwest Local School District, Ohio",2133,145,1988,0.0679793717768401,193,887,722,331,0.909517112048758
"163","Elgin Local School District, Ohio",4379,246,4133,0.0561772094085408,407,2271,1127,574,0.907056405572048
"164","Elida Local School District, Ohio",12317,1232,11085,0.100024356580336,902,5122,4226,2067,0.926767881789397
"165","Elmwood Local School District, Ohio",4344,289,4055,0.0665285451197053,374,1969,1272,729,0.91390423572744
"166","Elyria City School District, Ohio",34438,5951,28487,0.172803298681689,4427,11557,13242,5212,0.871450142284686
"167","Euclid City School District, Ohio",32255,5792,26463,0.179569059060611,3225,10426,12275,6329,0.90001550147264
"168","Evergreen Local School District, Ohio",5411,289,5122,0.0534097209388283,404,2231,1768,1008,0.925337275919423
"169","Fairbanks Local School District, Ohio",4560,203,4357,0.0445175438596491,183,1483,1075,1819,0.959868421052632
"170","Fairborn City School District, Ohio",26501,3283,23218,0.123882117655938,2432,6710,8992,8367,0.908229878117807
"171","Fairfield City School District, Ohio",43867,2822,41045,0.0643308181548772,3591,15277,12930,12069,0.918138919917022
"172","Fairfield Local School District, Ohio",3260,334,2926,0.102453987730061,361,1557,945,397,0.889263803680982
"173","Fairfield Union Local School District, Ohio",7528,774,6754,0.102816153028693,715,3107,2146,1560,0.905021253985122
"174","Fairland Local School District, Ohio",7594,609,6985,0.0801948907031867,580,2874,2481,1659,0.923623913616013
"175","Fairlawn Local School District, Ohio",1571,97,1474,0.0617441120305538,199,730,394,248,0.87332908975175
"176","Fairless Local School District, Ohio",7800,728,7072,0.0933333333333333,1018,3744,2172,866,0.869487179487179
"177","Fairport Harbor Exempted Village School District, Ohio",2355,302,2053,0.128237791932059,196,762,837,560,0.916772823779193
"178","Fairview Park City School District, Ohio",11434,804,10630,0.0703165996151828,499,2444,3445,5046,0.956358229840826
"179","Fayette Local School District, Ohio",1764,117,1647,0.0663265306122449,121,865,543,235,0.93140589569161
"180","Fayetteville-Perry Local School District, Ohio",3190,259,2931,0.0811912225705329,274,1478,979,459,0.9141065830721
"181","Federal Hocking Local School District, Ohio",6015,934,5081,0.155278470490441,678,2756,1569,1012,0.887281795511222
"182","Felicity-Franklin Local School District, Ohio",3588,368,3220,0.102564102564103,711,1233,1118,526,0.801839464882943
"183","Field Local School District, Ohio",11254,679,10575,0.0603341034298916,647,4344,3063,3200,0.942509330015994
"184","Findlay City School District, Ohio",27604,2823,24781,0.102267787277206,2364,9194,8278,7768,0.914360237646718
"185","Finneytown Local School District, Ohio",8030,498,7532,0.0620174346201743,643,1843,2445,3099,0.919925280199253
"186","Firelands Local School District, Ohio",9053,535,8518,0.0590964321219485,766,3691,2903,1693,0.915387164475864
"187","Forest Hills Local School District, Ohio",31267,1184,30083,0.0378674001343269,811,4912,7313,18231,0.974062110212045
"188","Fort Frye Local School District, Ohio",4352,504,3848,0.115808823529412,259,2122,1392,579,0.940487132352941
"189","Fort Loramie Local School District, Ohio",2359,95,2264,0.0402713013988978,111,1057,644,547,0.952946163628656
"190","Fort Recovery Local School District, Ohio",2314,125,2189,0.054019014693172,214,1076,615,409,0.90751944684529
"191","Fostoria City School District, Ohio",9101,1717,7384,0.188660586748709,1030,4199,2859,1013,0.886825623557851
"192","Franklin City School District, Ohio",14056,1273,12783,0.0905663062037564,1946,6015,4011,2084,0.861553784860558
"193","Franklin Local School District, Ohio",8844,1161,7683,0.131275440976934,1023,4186,2486,1149,0.884328358208955
"194","Franklin Monroe Local School District, Ohio",2087,38,2049,0.0182079540009583,130,940,665,352,0.937709631049353
"195","Fredericktown Local School District, Ohio",4594,363,4231,0.0790161079669134,330,1655,1648,961,0.928167174575533
"196","Fremont City School District, Ohio",19588,2140,17448,0.109250561568307,2130,8042,6284,3132,0.891259955074535
"197","Frontier Local School District, Ohio",3507,337,3170,0.0960935272312518,538,1828,739,402,0.84659252922726
"198","Gahanna-Jefferson City School District, Ohio",33294,1522,31772,0.0457139424520935,1112,7063,8747,16372,0.96660058869466
"199","Galion City School District, Ohio",8630,1415,7215,0.16396292004635,814,3835,2618,1363,0.905677867902665
"200","Gallia County Local School District, Ohio",10483,1689,8794,0.161118000572355,1934,4448,2596,1505,0.815510827053324
"201","Gallipolis City School District, Ohio",9861,1809,8052,0.183449954365683,1242,3925,2933,1761,0.874049285062367
"202","Garaway Local School District, Ohio",6600,388,6212,0.0587878787878788,2609,2440,930,621,0.60469696969697
"203","Garfield Heights City School District, Ohio",17401,2194,15207,0.126084707775415,1874,6904,5870,2753,0.892305039940233
"204","Geneva Area City School District, Ohio",11760,1840,9920,0.156462585034014,1349,5539,3242,1630,0.885289115646258
"205","Genoa Area Local School District, Ohio",5711,342,5369,0.0598844335492908,384,1946,2188,1193,0.932761337769217
"206","Georgetown Exempted Village School District, Ohio",4303,767,3536,0.178247734138973,347,1857,1271,828,0.919358587032303
"207","Gibsonburg Exempted Village School District, Ohio",3438,341,3097,0.0991855730075625,384,1374,1112,568,0.888307155322862
"208","Girard City School District, Ohio",7581,1166,6415,0.153805566547949,961,3382,1774,1464,0.87323572088115
"209","Goshen Local School District, Ohio",11154,769,10385,0.0689438766361843,1320,4535,3629,1670,0.881656804733728
"210","Graham Local School District, Ohio",7713,392,7321,0.0508232853623752,650,3386,2414,1263,0.915726695189939
"211","Grand Valley Local School District, Ohio",6294,718,5576,0.114076898633619,1441,2497,1402,954,0.771051795360661
"212","Grandview Heights City School District, Ohio",6320,190,6130,0.0300632911392405,93,382,1203,4642,0.985284810126582
"213","Granville Exempted Village School District, Ohio",7897,309,7588,0.0391287830821831,57,1021,1797,5022,0.99278206914018
"214","Green Local School District (Scioto County), Ohio",2564,346,2218,0.134945397815913,278,932,776,578,0.891575663026521
"215","Green Local School District (Summit County), Ohio",17506,1294,16212,0.0739175139952016,657,4835,5471,6543,0.962470010282189
"216","Green Local School District (Wayne County), Ohio",4846,362,4484,0.0747007841518778,402,2005,1268,1171,0.917044985555097
"217","Greeneview Local School District, Ohio",6031,567,5464,0.0940142596584314,489,2478,1793,1271,0.918918918918919
"218","Greenfield Exempted Village School District, Ohio",8627,1750,6877,0.202851512692709,1504,3911,2198,1014,0.82566361423438
"219","Greenon Local School District, Ohio",8666,533,8133,0.0615047311331641,478,2671,3448,2069,0.944841910916224
"220","Greenville City School District, Ohio",15199,1674,13525,0.110138824922692,1584,6685,4392,2538,0.895782617277452
"221","Groveport Madison Local School District, Ohio",31606,3035,28571,0.0960260709991774,3113,12378,9845,6270,0.901506043156363
"222","Hamilton City School District, Ohio",39438,5368,34070,0.136112378923881,4873,16592,11532,6441,0.876438967493281
"223","Hamilton Local School District, Ohio",9938,1068,8870,0.107466291004226,1628,4389,2878,1043,0.836184342926142
"224","Hardin-Houston Local School District, Ohio",3098,159,2939,0.0513234344738541,437,1362,873,426,0.858941252420917
"225","Hardin Northern Local School District, Ohio",1828,209,1619,0.114332603938731,78,965,529,256,0.957330415754923
"226","Harrison Hills City School District, Ohio",9171,1143,8028,0.124631992149166,1224,4281,2609,1057,0.866535819430814
"227","Heath City School District, Ohio",7352,897,6455,0.122007616974973,645,2917,2260,1530,0.912268770402612
"228","Hicksville Exempted Village School District, Ohio",3434,167,3267,0.0486313337216075,403,1497,945,589,0.882644146767618
"229","Highland Local School District (Delaware and Morrow Counties), Ohio",7024,472,6552,0.0671981776765376,800,3073,2228,923,0.886104783599089
"230","Highland Local School District (Medina and Summit Counties), Ohio",13041,553,12488,0.0424047235641439,498,2880,3944,5719,0.96181274442144
"231","Hilliard City School District, Ohio",63392,3682,59710,0.058083038869258,2835,10937,16343,33277,0.955278268551237
"232","Hillsboro City School District, Ohio",11001,1848,9153,0.167984728661031,1606,4791,2664,1940,0.854013271520771
"233","Hillsdale Local School District, Ohio",4363,323,4040,0.0740316296126518,350,1799,1324,890,0.919779967911987
"234","Holgate Local School District, Ohio",1531,67,1464,0.0437622468974526,133,626,501,271,0.913128674069236
"235","Hopewell-Loudon Local School District, Ohio",2875,193,2682,0.0671304347826087,185,1054,892,744,0.935652173913043
"236","Howland Local School District, Ohio",15839,1676,14163,0.105814761032893,1105,6427,4105,4202,0.930235494665067
"237","Hubbard Exempted Village School District, Ohio",9657,837,8820,0.0866728797763281,494,4129,2851,2183,0.948845397121259
"238","Huber Heights City School District, Ohio",27915,2356,25559,0.0843990686011105,2097,8009,10837,6972,0.924879097259538
"239","Hudson City School District, Ohio",16658,343,16315,0.0205907071677272,254,1745,2938,11721,0.98475207107696
"240","Huntington Local School District, Ohio",4271,1039,3232,0.243268555373449,701,1831,1167,572,0.835869819714353
"241","Huron City School District, Ohio",7678,494,7184,0.0643396717895285,421,1981,2634,2642,0.945168012503256
"242","Independence Local School District, Ohio",5154,124,5030,0.0240589833139309,147,1283,1215,2509,0.971478463329453
"243","Indian Creek Local School District, Ohio",13711,1140,12571,0.0831449201371162,882,5672,4353,2804,0.935672088104442
"244","Indian Hill Exempted Village School District, Ohio",8833,329,8504,0.0372466885542851,201,576,1373,6683,0.977244424317899
"245","Indian Lake Local School District, Ohio",8551,1057,7494,0.123611273535259,795,4167,2348,1241,0.907028417728921
"246","Indian Valley Local School District, Ohio",7612,717,6895,0.0941933788754598,851,3980,1844,937,0.888202837624803
"247","Ironton City School District, Ohio",7254,1460,5794,0.201268265784395,894,3261,1948,1151,0.876757650951199
"248","Jackson-Milton Local School District, Ohio",4544,337,4207,0.0741637323943662,347,2259,1158,780,0.923635563380282
"249","Jackson Center Local School District, Ohio",1754,67,1687,0.0381984036488027,114,862,425,353,0.935005701254276
"250","Jackson City School District, Ohio",10974,1789,9185,0.163021687625296,1348,4395,3434,1797,0.877164206305814
"251","Jackson Local School District, Ohio",26890,1219,25671,0.0453328374860543,823,6638,8061,11368,0.969393826701376
"252","James A. Garfield Local School District, Ohio",5999,479,5520,0.0798466411068511,742,2776,1422,1059,0.876312718786464
"253","Jefferson Area Local School District, Ohio",7394,1058,6336,0.143088991073844,829,3277,2252,1036,0.887882066540438
"254","Jefferson Local School District, Ohio",5133,315,4818,0.0613676212741087,525,2338,1352,918,0.897720631209819
"255","Jefferson Township Local School District, Ohio",4712,538,4174,0.114176570458404,780,1660,1462,810,0.83446519524618
"256","Jennings Local School District, Ohio",1203,38,1165,0.0315876974231089,20,504,441,238,0.983374896093101
"257","Johnstown-Monroe Local School District, Ohio",6717,359,6358,0.0534464790829239,367,2452,1820,2078,0.945362513026649
"258","Jonathan Alder Local School District, Ohio",7858,436,7422,0.0554848561975057,761,2750,1986,2361,0.903156019343344
"259","Joseph Badger Local School District, Ohio",4614,451,4163,0.0977459904638058,402,2191,1168,853,0.912873862158648
"260","Kalida Local School District, Ohio",2419,64,2355,0.0264572137246796,92,918,741,668,0.961967755270773
"261","Kelleys Island Local School District, Ohio",211,5,206,0.023696682464455,4,59,64,84,0.981042654028436
"262","Kenston Local School District, Ohio",12570,443,12127,0.0352426412092283,322,2069,2719,7460,0.974383452665076
"263","Kent City School District, Ohio",17067,2213,14854,0.129665436221949,946,3522,4862,7737,0.94457139508994
"264","Kenton City School District, Ohio",7631,1017,6614,0.133272179268772,752,3892,1866,1121,0.901454593107063
"265","Kettering City School District, Ohio",39185,3289,35896,0.0839351792777849,2075,9118,14235,13757,0.947046063544724
"266","Keystone Local School District, Ohio",7959,245,7714,0.0307827616534741,451,3090,3045,1373,0.943334589772584
"267","Kings Local School District, Ohio",19379,601,18778,0.0310129521647144,659,3919,4277,10524,0.965994117343516
"268","Kirtland Local School District, Ohio",5331,195,5136,0.0365785030951041,233,1132,1581,2385,0.956293378353029
"269","LaBrae Local School District, Ohio",5476,770,4706,0.140613586559533,695,2910,1246,625,0.873082542001461
"270","Lake Local School District (Ottawa and Wood Counties), Ohio",8162,672,7490,0.0823327615780446,663,3338,2368,1793,0.918769909335947
"271","Lake Local School District (Portage and Stark Counties), Ohio",13940,649,13291,0.0465566714490674,817,4288,4440,4395,0.941391678622669
"272","Lakeview Local School District, Ohio",9057,843,8214,0.093077177873468,562,3276,2430,2789,0.937948548084355
"273","Lakewood City School District, Ohio",36409,4107,32302,0.112801779779725,2152,6981,10298,16978,0.940893735065506
"274","Lakewood Local School District, Ohio",10694,761,9933,0.0711613989152796,1244,4087,3407,1956,0.883673087712736
"275","Lakota Local School District (Butler County), Ohio",65162,3047,62115,0.0467603818176238,3231,11960,15996,33975,0.950415886559651
"276","Lakota Local School District (Sandusky, Seneca, and Wood Counties); Ohio",4372,318,4054,0.0727355901189387,273,2172,1425,502,0.937557182067704
"277","Lancaster City School District, Ohio",31977,4295,27682,0.134315289114051,3044,12569,10171,6193,0.90480657972918
"278","Lebanon City School District, Ohio",21882,1204,20678,0.055022392834293,1148,6844,6705,7185,0.947536788227767
"279","Leetonia Exempted Village School District, Ohio",3502,419,3083,0.119645916619075,384,1748,927,443,0.890348372358652
"280","Leipsic Local School District, Ohio",2242,265,1977,0.118198037466548,382,926,633,301,0.829616413916146
"281","Lexington Local School District, Ohio",11616,917,10699,0.0789428374655647,761,3521,3509,3825,0.934486914600551
"282","Liberty-Benton Local School District, Ohio",4858,233,4625,0.0479621243310004,311,1305,1444,1798,0.935981885549609
"283","Liberty Center Local School District, Ohio",4008,220,3788,0.0548902195608782,210,1744,1531,523,0.947604790419162
"284","Liberty Local School District, Ohio",8019,791,7228,0.0986407282703579,610,2786,2478,2145,0.923930664671405
"285","Liberty Union-Thurston Local School District, Ohio",4736,470,4266,0.0992398648648649,294,1934,1492,1016,0.937922297297297
"286","Licking Heights Local School District, Ohio",17266,1270,15996,0.0735549635121047,1254,4063,5865,6084,0.92737171319356
"287","Licking Valley Local School District, Ohio",7255,506,6749,0.0697450034458994,641,2972,2343,1299,0.911647139903515
"288","Lima City School District, Ohio",18346,3613,14733,0.196936661942658,2524,7673,5900,2249,0.862422326392674
"289","Lincolnview Local School District, Ohio",2860,134,2726,0.0468531468531469,137,1322,948,453,0.952097902097902
"290","Lisbon Exempted Village School District, Ohio",3981,597,3384,0.149962321024868,417,1824,1270,470,0.895252449133384
"291","Little Miami Local School District, Ohio",21354,832,20522,0.0389622553151634,1166,5288,6271,8629,0.94539664699822
"292","Lockland Local School District, Ohio",2749,771,1978,0.280465623863223,659,1305,629,156,0.760276464168789
"293","Logan-Hocking Local School District, Ohio",16393,1815,14578,0.110717989385713,1659,6929,5088,2717,0.898798267553224
"294","Logan Elm Local School District, Ohio",9242,892,8350,0.0965159056481281,824,4665,2141,1612,0.910841809132222
"295","London City School District, Ohio",9956,909,9047,0.0913017276014464,1015,4069,3066,1806,0.898051426275613
"296","Lorain City School District, Ohio",34157,7423,26734,0.217320022250198,6615,12235,11655,3652,0.80633545100565
"297","Lordstown Local School District, Ohio",2419,210,2209,0.086812732534105,261,1142,623,393,0.892104175279041
"298","Loudonville-Perrysville Exempted Village School District, Ohio",5244,621,4623,0.118421052631579,819,2108,1349,968,0.843821510297483
"299","Louisville City School District, Ohio",12695,877,11818,0.0690823158723907,627,5195,4075,2798,0.950610476565577
"300","Loveland City School District, Ohio",18290,1097,17193,0.0599781301257518,591,3608,4133,9958,0.96768726079825
"301","Lowellville Local School District, Ohio",1513,131,1382,0.0865829477858559,147,673,428,265,0.902842035690681
"302","Lucas Local School District, Ohio",2332,91,2241,0.0390222984562607,172,1098,651,411,0.926243567753002
"303","Lynchburg-Clay Local School District, Ohio",3903,492,3411,0.126056879323597,281,1861,1224,537,0.92800409941071
"304","Mad River Local School District, Ohio",14386,1844,12542,0.128180175170304,1841,4303,4968,3274,0.872028360906437
"305","Madeira City School District, Ohio",6148,147,6001,0.0239102147039688,100,781,851,4416,0.983734547820429
"306","Madison-Plains Local School District, Ohio",5630,431,5199,0.0765541740674956,583,2433,1546,1068,0.896447602131439
"307","Madison Local School District (Butler County), Ohio",5958,426,5532,0.0715005035246727,471,2697,1805,985,0.920946626384693
"308","Madison Local School District (Geauga and Lake Counties), Ohio",12605,1021,11584,0.0809996033320111,1149,4660,4529,2267,0.90884569615232
"309","Madison Local School District (Richland County), Ohio",15005,2019,12986,0.134555148283905,1789,6964,4285,1967,0.880773075641453
"310","Manchester Local School District (Adams County), Ohio",3306,694,2612,0.209921355111918,834,1329,705,438,0.747731397459165
"311","Manchester Local School District (Summit County), Ohio",6611,221,6390,0.0334291332627439,417,2228,2304,1662,0.936923309635456
"312","Mansfield City School District, Ohio",21247,4000,17247,0.18826187226432,3236,8800,6207,3004,0.847696145338165
"313","Maple Heights City School District, Ohio",15071,2379,12692,0.157852829938292,1614,5716,5527,2214,0.892906907305421
"314","Mapleton Local School District, Ohio",4799,425,4374,0.0885601166909773,471,2668,1093,567,0.901854553031882
"315","Maplewood Local School District, Ohio",3864,335,3529,0.0866977225672878,416,2039,838,571,0.892339544513458
"316","Margaretta Local School District, Ohio",5398,480,4918,0.0889218228973694,359,2632,1426,981,0.933493886624676
"317","Mariemont City School District, Ohio",5741,294,5447,0.0512105904894618,149,663,1326,3603,0.974046333391395
"318","Marietta City School District, Ohio",15862,2532,13330,0.159626780986004,1163,5478,5084,4137,0.926680116000504
"319","Marion City School District, Ohio",19047,3291,15756,0.172783115451252,2802,8888,5543,1814,0.852890218932115
"320","Marion Local School District, Ohio",2388,80,2308,0.033500837520938,189,1149,613,437,0.920854271356784
"321","Marlington Local School District, Ohio",10875,874,10001,0.080367816091954,825,4577,3419,2054,0.924137931034483
"322","Martins Ferry City School District, Ohio",7527,785,6742,0.104291218280856,695,3342,2419,1071,0.907665736681281
"323","Marysville Exempted Village School District, Ohio",20109,1268,18841,0.0630563429310259,831,6571,5547,7160,0.958675220050724
"324","Mason City School District, Ohio",34401,784,33617,0.0227900351733961,981,5330,6001,22089,0.97148338711084
"325","Massillon City School District, Ohio",19404,3029,16375,0.156101834673263,2137,8497,6087,2683,0.889868068439497
"326","Mathews Local School District, Ohio",5274,461,4813,0.0874099355328024,385,2354,1321,1214,0.927000379218809
"327","Maumee City School District, Ohio",12719,1006,11713,0.0790942684173284,593,3343,4717,4066,0.953376837801714
"328","Mayfield City School District, Ohio",23906,1581,22325,0.0661340249309797,1155,5626,5742,11383,0.951685769262947
"329","Maysville Local School District, Ohio",7453,765,6688,0.102643230913726,1067,3570,1938,878,0.856836173353012
"330","McComb Local School District, Ohio",2588,186,2402,0.071870170015456,214,1199,749,426,0.917310664605873
"331","McDonald Local School District, Ohio",2697,190,2507,0.0704486466444197,229,1121,870,477,0.915090841675936
"332","Mechanicsburg Exempted Village School District, Ohio",3044,198,2846,0.0650459921156373,333,1379,848,484,0.890604467805519
"333","Medina City School District, Ohio",30668,1574,29094,0.0513238554845441,1017,8057,8802,12792,0.966838398330507
"334","Meigs Local School District, Ohio",8246,1784,6462,0.216347319912685,1457,3332,2336,1121,0.823308270676692
"335","Mentor Exempted Village School District, Ohio",44123,2188,41935,0.0495886499104775,2924,12985,14213,14001,0.933730707340843
"336","Miami East Local School District, Ohio",4691,297,4394,0.0633127264975485,322,1733,1397,1239,0.931357919420166
"337","Miami Trace Local School District, Ohio",10435,1118,9317,0.107139434595113,1475,4724,2662,1574,0.858648778150455
"338","Miamisburg City School District, Ohio",26791,2459,24332,0.0917845545145758,2224,7366,8743,8458,0.916987047889216
"339","Middle Bass Local School District, Ohio",89,19,70,0.213483146067416,14,23,23,29,0.842696629213483
"340","Middletown City School District, Ohio",32469,5971,26498,0.183898487788352,5062,13078,9142,5187,0.844097446795405
"341","Midview Local School District, Ohio",14493,951,13542,0.0656178844959636,1149,4954,5301,3089,0.920720347754088
"342","Milford Exempted Village School District, Ohio",29597,1304,28293,0.0440585194445383,1598,7535,8679,11785,0.946008041355543
"343","Millcreek-West Unity Local School District, Ohio",2300,290,2010,0.126086956521739,183,1093,784,240,0.920434782608696
"344","Miller City-New Cleveland Local School District, Ohio",1372,40,1332,0.0291545189504373,38,664,386,284,0.972303206997085
"345","Milton-Union Exempted Village School District, Ohio",7610,495,7115,0.0650459921156373,923,3216,2240,1231,0.878712220762155
"346","Minerva Local School District, Ohio",8119,644,7475,0.0793201133144476,884,3837,2336,1062,0.891119596009361
"347","Minford Local School District, Ohio",5185,694,4491,0.133847637415622,515,2168,1687,815,0.900675024108004
"348","Minster Local School District, Ohio",2805,70,2735,0.0249554367201426,102,1027,685,991,0.963636363636364
"349","Mississinawa Valley Local School District, Ohio",2406,375,2031,0.155860349127182,309,1377,558,162,0.871571072319202
"350","Mogadore Local School District, Ohio",2543,160,2383,0.0629178136059772,199,1165,582,597,0.921745969327566
"351","Mohawk Local School District, Ohio",3971,255,3716,0.0642155628305213,323,1840,937,871,0.91866028708134
"352","Monroe Local School District, Ohio",9268,230,9038,0.0248165731549417,472,2802,3204,2790,0.949072075960294
"353","Monroeville Local School District, Ohio",2705,171,2534,0.0632162661737523,106,1524,677,398,0.960813308687615
"354","Montpelier Exempted Village School District, Ohio",4088,514,3574,0.12573385518591,534,1817,1189,548,0.869373776908024
"355","Morgan Local School District, Ohio",9924,1629,8295,0.164147521160822,1467,4343,3169,945,0.85217654171705
"356","Mount Gilead Exempted Village School District, Ohio",5157,283,4874,0.054876866395191,311,2194,1726,926,0.939693620321893
"357","Mount Healthy City School District, Ohio",16888,2167,14721,0.128315963998105,1638,5964,6308,2978,0.903008053055424
"358","Mount Vernon City School District, Ohio",19938,2328,17610,0.116761962082456,1698,7920,5178,5142,0.914835991573879
"359","Napoleon Area City School District, Ohio",9342,749,8593,0.0801755512738172,569,4299,2957,1517,0.939092271462214
"360","National Trail Local School District, Ohio",4619,454,4165,0.0982896730894133,569,2090,1297,663,0.876813163022299
"361","Nelsonville-York City School District, Ohio",5596,1316,4280,0.235167977126519,692,2554,1798,552,0.876340243030736
"362","New Albany-Plain Local School District, Ohio",14959,319,14640,0.0213249548766629,229,1499,2366,10865,0.984691490072866
"363","New Boston Local School District, Ohio",1637,519,1118,0.317043372021991,369,692,379,197,0.774587660354307
"364","New Bremen Local School District, Ohio",3287,110,3177,0.0334651658046851,81,1070,993,1143,0.97535746881655
"365","New Knoxville Local School District, Ohio",1336,90,1246,0.0673652694610778,61,503,393,379,0.95434131736527
"366","New Lebanon Local School District, Ohio",4674,617,4057,0.132006846384253,530,1997,1735,412,0.88660676080445
"367","New Lexington City School District, Ohio",7924,1793,6131,0.226274608783443,1326,3850,2049,699,0.832660272589601
"368","New London Local School District, Ohio",4045,593,3452,0.146600741656366,507,1850,1181,507,0.874660074165637
"369","New Miami Local School District, Ohio",3050,314,2736,0.102950819672131,695,1690,507,158,0.772131147540984
"370","New Philadelphia City School District, Ohio",15205,1957,13248,0.128707661953305,1869,6550,3885,2901,0.877079907925025
"371","New Richmond Exempted Village School District, Ohio",9804,977,8827,0.0996532027743778,1017,3126,2503,3158,0.896266829865361
"372","New Riegel Local School District, Ohio",1256,20,1236,0.0159235668789809,74,641,355,186,0.941082802547771
"373","Newark City School District, Ohio",32741,4800,27941,0.14660517394093,3553,12294,10493,6401,0.89148162853914
"374","Newbury Local School District, Ohio",4118,98,4020,0.0237979601748422,322,1391,1123,1282,0.921806702282661
"375","Newcomerstown Exempted Village School District, Ohio",4296,605,3691,0.140828677839851,578,2546,702,470,0.865456238361266
"376","Newton Falls Exempted Village School District, Ohio",5967,602,5365,0.100888218535277,593,3098,1549,727,0.900620077090665
"377","Newton Local School District, Ohio",2307,171,2136,0.0741222366710013,234,1077,590,406,0.898569570871261
"378","Niles City School District, Ohio",12754,1794,10960,0.140661753175474,1508,5851,3373,2022,0.881762584287282
"379","Noble Local School District, Ohio",4485,487,3998,0.108584169453735,514,2445,1073,453,0.885395763656633
"380","Nordonia Hills City School District, Ohio",23827,553,23274,0.0232089646199689,1028,5880,7041,9878,0.956855667939732
"381","North Baltimore Local School District, Ohio",2859,275,2584,0.0961874781392095,428,1272,799,360,0.850297306750612
"382","North Bass Local School District, Ohio",0,0,0,NA,0,0,0,0,NA
"383","North Canton City School District, Ohio",20138,1006,19132,0.0499553083722316,511,5755,6360,7512,0.974625086900387
"384","North Central Local School District, Ohio",3005,252,2753,0.0838602329450915,411,1224,846,524,0.863227953410982
"385","North College Hill City School District, Ohio",7131,883,6248,0.123825550413687,763,2634,2341,1393,0.893002383957369
"386","North Fork Local School District, Ohio",7207,731,6476,0.101429166088525,693,3343,2128,1043,0.903843485500208
"387","North Olmsted City School District, Ohio",22463,2089,20374,0.0929973734585763,1581,6670,7239,6973,0.929617593375774
"388","North Ridgeville City School District, Ohio",23717,1121,22596,0.0472656744107602,1669,6668,7694,7686,0.929628536492811
"389","North Royalton City School District, Ohio",26419,1147,25272,0.0434157235323063,1341,6152,7761,11165,0.949241076497975
"390","North Union Local School District, Ohio",5723,345,5378,0.0602830683208108,609,2775,1414,925,0.893587279398917
"391","Northeastern Local School District (Champaign and Clark Counties), Ohio",16235,905,15330,0.055743763473976,1024,5834,5412,3965,0.936926393594087
"392","Northeastern Local School District (Defiance County), Ohio",4531,223,4308,0.0492165084970205,249,1840,1561,881,0.945045243875524
"393","Northern Local School District, Ohio",9508,987,8521,0.103807320151451,907,4119,2686,1796,0.904606647034077
"394","Northmont City School District, Ohio",24393,1514,22879,0.0620669864305333,1391,6950,8542,7510,0.942975443774853
"395","Northmor Local School District, Ohio",5778,612,5166,0.105919003115265,1056,2475,1540,707,0.81723779854621
"396","Northridge Local School District (Delaware, Knox, and Licking Counties); Ohio",6809,204,6605,0.0299603466000881,500,2289,2292,1728,0.92656777794096
"397","Northridge Local School District (Montgomery County), Ohio",6672,1522,5150,0.228117505995204,1403,2698,2038,533,0.789718225419664
"398","Northwest Local School District (Butler and Hamilton Counties), Ohio",51927,3039,48888,0.0585244670402681,3672,17209,16272,14774,0.929285342885204
"399","Northwest Local School District (Scioto County), Ohio",6111,969,5142,0.158566519391262,1103,3008,1415,585,0.819505809196531
"400","Northwest Local School District (Stark, Summit, and Wayne Counties); Ohio",9709,482,9227,0.049644659594191,456,3165,3620,2468,0.953033268101761
"401","Northwestern Local School District (Ashland and Wayne Counties), Ohio",5310,436,4874,0.0821092278719397,571,2396,1603,740,0.892467043314501
"402","Northwestern Local School District (Champaign and Clark Counties), Ohio",7547,383,7164,0.0507486418444415,541,2928,2214,1864,0.92831588710746
"403","Northwood Local School District, Ohio",3873,360,3513,0.0929512006196747,379,1421,1410,663,0.902143041569842
"404","Norton City School District, Ohio",10057,597,9460,0.0593616386596401,661,3694,3029,2673,0.934274634582878
"405","Norwalk City School District, Ohio",12688,1535,11153,0.120980453972257,1540,5305,3567,2276,0.878625472887768
"406","Norwayne Local School District, Ohio",5313,296,5017,0.0557124035384905,379,2697,1410,827,0.92866553736119
"407","Norwood City School District, Ohio",13251,2013,11238,0.151913063165044,1686,3869,3490,4206,0.872764319673987
"408","Oak Hill Union Local School District, Ohio",4759,568,4191,0.119352805211179,796,2237,1114,612,0.832737970161799
"409","Oak Hills Local School District, Ohio",44119,2249,41870,0.0509757700763843,2400,14000,12857,14862,0.945601668215508
"410","Oakwood City School District, Ohio",6170,314,5856,0.0508914100486224,76,423,1406,4265,0.987682333873582
"411","Oberlin City School District, Ohio",5251,539,4712,0.102647114835269,430,1166,1352,2303,0.918110836031232
"412","Old Fort Local School District, Ohio",2342,164,2178,0.0700256191289496,147,927,777,491,0.937233134073442
"413","Olentangy Local School District, Ohio",54589,1553,53036,0.0284489549176574,1099,6176,10963,36351,0.979867738921761
"414","Olmsted Falls City School District, Ohio",16007,598,15409,0.0373586555881802,464,4464,4708,6371,0.971012681951646
"415","Ontario Local School District, Ohio",7841,263,7578,0.0335416400969264,605,2506,2437,2293,0.922841474301747
"416","Orange City School District, Ohio",10069,327,9742,0.0324759161783693,118,853,1614,7484,0.988280862051842
"417","Oregon City School District, Ohio",16545,1387,15158,0.0838319734058628,1437,6128,5529,3451,0.913145965548504
"418","Orrville City School District, Ohio",7254,652,6602,0.0898814447201544,631,2809,1859,1955,0.913013509787703
"419","Osnaburg Local School District, Ohio",3980,207,3773,0.0520100502512563,457,1820,1098,605,0.885175879396985
"420","Otsego Local School District, Ohio",6881,440,6441,0.0639441941578259,342,2305,2364,1870,0.95029792181369
"421","Ottawa-Glandorf Local School District, Ohio",5864,314,5550,0.0535470668485675,564,1925,1841,1534,0.903819918144611
"422","Ottawa Hills Local School District, Ohio",2993,70,2923,0.0233879051119278,50,216,390,2337,0.98329435349148
"423","Ottoville Local School District, Ohio",1762,43,1719,0.0244040862656073,56,746,583,377,0.968217934165721
"424","Painesville City Local School District, Ohio",9670,1627,8043,0.168252326783868,2045,3559,2841,1225,0.78852119958635
"425","Paint Valley Local School District, Ohio",3866,626,3240,0.161924469736161,343,1952,972,599,0.911277806518365
"426","Pandora-Gilboa Local School District, Ohio",2249,111,2138,0.0493552690084482,75,930,659,585,0.966651845264562
"427","Parkway Local School District, Ohio",3902,334,3568,0.0855971296770887,398,1906,1079,519,0.898001025115325
"428","Parma City School District, Ohio",80253,5958,74295,0.0742402153190535,6430,28461,26032,19330,0.919878384608675
"429","Patrick Henry Local School District, Ohio",3492,207,3285,0.0592783505154639,226,1589,942,735,0.935280641466208
"430","Paulding Exempted Village School District, Ohio",6554,684,5870,0.104363747329875,761,2976,1848,969,0.883887702166616
"431","Perkins Local School District, Ohio",9779,409,9370,0.0418243174148686,581,2994,3339,2865,0.940586972083035
"432","Perry Local School District (Allen County), Ohio",2688,340,2348,0.126488095238095,517,1198,812,161,0.80766369047619
"433","Perry Local School District (Lake County), Ohio",6321,370,5951,0.0585350419237462,499,2321,2028,1473,0.921056794810948
"434","Perry Local School District (Stark County), Ohio",21494,1409,20085,0.0655531776309668,1626,9141,6876,3851,0.924350981669303
"435","Perrysburg Exempted Village School District, Ohio",19365,681,18684,0.0351665375677769,371,3379,5407,10208,0.980841724761167
"436","Pettisville Local School District, Ohio",1484,24,1460,0.0161725067385445,139,552,435,358,0.90633423180593
"437","Pickerington Local School District, Ohio",33169,1330,31839,0.0400976815701408,1515,7292,10240,14122,0.954324821369351
"438","Pike-Delta-York Local School District, Ohio",5537,344,5193,0.0621275058696045,354,2415,1893,875,0.936066461983023
"439","Piqua City School District, Ohio",16102,1724,14378,0.107067445037883,1703,6758,5169,2472,0.894236740777543
"440","Plain Local School District, Ohio",34130,3017,31113,0.0883973044242602,2212,11421,10690,9807,0.93518898329915
"441","Pleasant Local School District, Ohio",6150,500,5650,0.0813008130081301,521,2270,2073,1286,0.915284552845528
"442","Plymouth-Shiloh Local School District, Ohio",2752,268,2484,0.0973837209302326,564,1311,666,211,0.795058139534884
"443","Poland Local School District, Ohio",11002,386,10616,0.035084530085439,384,2747,2970,4901,0.965097255044537
"444","Port Clinton City School District, Ohio",9883,872,9011,0.0882323181220277,888,3336,3359,2300,0.910148740261054
"445","Portsmouth City School District, Ohio",13703,3951,9752,0.288331022403853,2241,5249,3980,2233,0.836459169524921
"446","Preble Shawnee Local School District, Ohio",6376,540,5836,0.0846925972396487,680,2990,1843,863,0.893350062735257
"447","Princeton City School District, Ohio",29428,3087,26341,0.104900095147479,2623,8087,7603,11115,0.91086720130488
"448","Put-in-Bay Local School District, Ohio",287,26,261,0.0905923344947735,0,82,69,136,1
"449","Pymatuning Valley Local School District, Ohio",5707,788,4919,0.138076046959874,880,2709,1418,700,0.845803399334151
"450","Ravenna City School District, Ohio",14871,2189,12682,0.147199246856297,1280,6792,4192,2607,0.913926433999059
"451","Reading Community City School District, Ohio",7366,753,6613,0.102226445832202,894,2721,2176,1575,0.878631550366549
"452","Revere Local School District, Ohio",13996,498,13498,0.0355815947413547,379,2316,3112,8189,0.97292083452415
"453","Reynoldsburg City School District, Ohio",27177,1944,25233,0.0715310740699857,2040,7600,9131,8406,0.924936527210509
"454","Richmond Heights Local School District, Ohio",6824,700,6124,0.102579132473623,456,1787,2177,2404,0.933177022274326
"455","Ridgedale Local School District, Ohio",3741,373,3368,0.0997059609730019,391,1735,1101,514,0.895482491312483
"456","Ridgemont Local School District, Ohio",2261,301,1960,0.13312693498452,279,1204,474,304,0.876603272888103
"457","Ridgewood Local School District, Ohio",5907,619,5288,0.104790926019976,776,2976,1502,653,0.868630438462841
"458","Ripley-Union-Lewis-Huntington Local School District, Ohio",4797,739,4058,0.154054617469252,681,2100,1354,662,0.858036272670419
"459","Rittman Exempted Village School District, Ohio",4972,643,4329,0.129324215607401,616,2051,1403,902,0.876106194690266
"460","River Valley Local School District, Ohio",8457,523,7934,0.0618422608490008,488,3561,2971,1437,0.942296322573016
"461","River View Local School District, Ohio",10961,1110,9851,0.101268132469665,1442,5299,2742,1478,0.86844266034121
"462","Riverdale Local School District, Ohio",4011,274,3737,0.0683121416105709,289,1974,1116,632,0.927948142607828
"463","Riverside Local School District (Geauga and Lake Counties), Ohio",26186,1515,24671,0.0578553425494539,1280,7962,8812,8132,0.951118918506072
"464","Riverside Local School District (Logan County), Ohio",2425,197,2228,0.0812371134020619,292,1264,608,261,0.879587628865979
"465","Rock Hill Local School District, Ohio",6736,1468,5268,0.217933491686461,1039,3482,1671,544,0.845754156769596
"466","Rocky River City School District, Ohio",14894,779,14115,0.0523029407815228,405,2287,3320,8882,0.972807842084061
"467","Rolling Hills Local School District, Ohio",7538,1064,6474,0.141151499071372,977,3240,2188,1133,0.870390023879013
"468","Rootstown Local School District, Ohio",5460,464,4996,0.084981684981685,318,2103,1396,1643,0.941758241758242
"469","Ross Local School District, Ohio",10921,504,10417,0.0461496199981687,857,4201,3180,2683,0.921527332661844
"470","Rossford Exempted Village School District, Ohio",8928,701,8227,0.0785170250896057,459,2716,3205,2548,0.948588709677419
"471","Russia Local School District, Ohio",1132,32,1100,0.0282685512367491,66,499,333,234,0.941696113074205
"472","Salem City School District, Ohio",11418,1762,9656,0.15431774391312,1294,4583,3221,2320,0.886670169907164
"473","Sandusky City School District, Ohio",16458,2809,13649,0.170676874468344,2115,6402,5456,2485,0.871491068173533
"474","Sandy Valley Local School District, Ohio",6281,651,5630,0.103645916255373,855,3136,1602,688,0.863875179111606
"475","School District Not Defined, Ohio",18,0,18,0,0,8,10,0,1
"476","Scioto Valley Local School District, Ohio",5536,1205,4331,0.217666184971098,1543,1984,1430,579,0.721278901734104
"477","Sebring Local School District, Ohio",2813,359,2454,0.127621756132243,383,1351,679,400,0.863846427301813
"478","Seneca East Local School District, Ohio",3383,222,3161,0.0656222287910139,183,1864,914,422,0.945906000591191
"479","Shadyside Local School District, Ohio",4037,219,3818,0.0542482041119643,208,1717,1284,828,0.948476591528363
"480","Shaker Heights City School District, Ohio",21442,1801,19641,0.0839940304076112,769,2427,4570,13676,0.964135808226845
"481","Shawnee Local School District, Ohio",11279,570,10709,0.050536395070485,535,3326,3852,3566,0.952566716907527
"482","Sheffield-Sheffield Lake City School District, Ohio",9732,605,9127,0.0621660501438553,756,3161,3500,2315,0.922318125770654
"483","Shelby City School District, Ohio",8912,805,8107,0.0903276481149013,1171,3852,2483,1406,0.868604129263914
"484","Sidney City School District, Ohio",16286,1707,14579,0.104813950632445,1948,6240,5143,2955,0.880388063367309
"485","Solon City School District, Ohio",16039,831,15208,0.051811210175198,463,2327,3457,9792,0.971132863644866
"486","South-Western City School District, Ohio",96244,10532,85712,0.109430198246124,11291,32360,28801,23792,0.882683595860521
"487","South Central Local School District, Ohio",3262,331,2931,0.101471489883507,626,1622,624,390,0.808093194359289
"488","South Euclid-Lyndhurst City School District, Ohio",24523,1830,22693,0.0746238225339477,1119,5135,7173,11096,0.95436936753252
"489","South Point Local School District, Ohio",8155,1485,6670,0.182096873083998,1008,3587,2476,1084,0.876394849785408
"490","South Range Local School District, Ohio",4686,225,4461,0.0480153649167734,278,1799,1314,1295,0.940674349125053
"491","Southeast Local School District (Holmes, Stark, and Wayne Counties); Ohio",9657,892,8765,0.0923682302992648,4703,2853,1173,928,0.512995754375065
"492","Southeast Local School District (Portage County), Ohio",8043,447,7596,0.0555762775083924,635,3860,2313,1235,0.921049359691657
"493","Southeastern Local School District (Clark and Greene Counties), Ohio",3239,217,3022,0.0669959864155604,250,1250,1117,622,0.922815683853041
"494","Southeastern Local School District (Ross County), Ohio",4442,585,3857,0.131697433588474,511,2396,891,644,0.884961728950923
"495","Southern Local School District (Columbiana and Jefferson Counties), Ohio",3876,518,3358,0.133642930856553,478,1996,971,431,0.876676986584107
"496","Southern Local School District (Hocking and Perry Counties), Ohio",2581,472,2109,0.182874854707478,380,1188,765,248,0.852770244091437
"497","Southern Local School District (Meigs County), Ohio",3426,475,2951,0.138645650904845,664,1383,934,445,0.806187974314069
"498","Southington Local School District, Ohio",2495,147,2348,0.0589178356713427,283,1198,633,381,0.886573146292585
"499","Southwest Licking Local School District, Ohio",16895,461,16434,0.0272861793430009,1249,4866,5776,5004,0.926072802604321
"500","Southwest Local School District, Ohio",16448,1192,15256,0.0724708171206226,1445,6101,5178,3724,0.912147373540856
"501","Spencerville Local School District, Ohio",3114,252,2862,0.0809248554913295,317,1454,910,433,0.89820166987797
"502","Springboro Community City School District, Ohio",20232,482,19750,0.0238236457097667,484,3219,4932,11597,0.976077500988533
"503","Springfield City School District, Ohio",34585,6915,27670,0.199942171461616,5533,14259,10161,4632,0.840017348561515
"504","Springfield Local School District (Lucas County), Ohio",20604,1744,18860,0.0846437584934964,1478,4588,6563,7975,0.928266356047369
"505","Springfield Local School District (Mahoning County), Ohio",5566,514,5052,0.0923463887890765,224,2429,1550,1363,0.959755659360402
"506","Springfield Local School District (Portage and Summit Counties), Ohio",13734,1334,12400,0.0971312072229503,1491,5976,4015,2252,0.891437308868501
"507","St. Bernard-Elmwood Place City School District, Ohio",4446,647,3799,0.145524066576698,518,1688,1406,834,0.88349077822762
"508","St. Clairsville-Richland City School District, Ohio",9635,665,8970,0.0690192008303062,378,3521,2923,2813,0.960768033212247
"509","St. Henry Consolidated Local School District, Ohio",2668,81,2587,0.030359820089955,181,1069,756,662,0.93215892053973
"510","St. Marys City School District, Ohio",8336,570,7766,0.0683781190019194,780,3758,2429,1369,0.906429942418426
"511","Steubenville City School District, Ohio",9432,2256,7176,0.239185750636132,1000,3738,2849,1845,0.893977947413062
"512","Stow-Munroe Falls City School District, Ohio",28417,1370,27047,0.0482105781750361,983,6781,7344,13309,0.965408030404335
"513","Strasburg-Franklin Local School District, Ohio",3268,302,2966,0.0924112607099143,349,1522,804,593,0.893206854345165
"514","Streetsboro City School District, Ohio",11008,587,10421,0.0533248546511628,866,3774,3200,3168,0.921329941860465
"515","Strongsville City School District, Ohio",32518,1355,31163,0.0416692293498985,1136,7429,8740,15213,0.965065502183406
"516","Struthers City School District, Ohio",7770,1089,6681,0.14015444015444,577,3660,2233,1300,0.925740025740026
"517","Stryker Local School District, Ohio",1985,121,1864,0.0609571788413098,79,885,728,293,0.960201511335013
"518","Swanton Local School District, Ohio",6553,347,6206,0.0529528460247215,500,2671,2181,1201,0.923699069128643
"519","Switzerland of Ohio Local School District, Ohio",12536,2010,10526,0.160338225909381,1442,6435,3150,1509,0.884971282705807
"520","Sycamore Community City School District, Ohio",23750,940,22810,0.0395789473684211,424,2914,4693,15719,0.982147368421053
"521","Sylvania City School District, Ohio",36568,2274,34294,0.0621855173922555,1419,6845,10421,17883,0.961195580835703
"522","Symmes Valley Local School District, Ohio",2905,410,2495,0.141135972461274,320,1317,1013,255,0.889845094664372
"523","Talawanda City School District, Ohio",15691,930,14761,0.0592696450194379,1126,4723,3813,6029,0.928239117965713
"524","Tallmadge City School District, Ohio",12529,631,11898,0.0503631574746588,543,3523,3951,4512,0.956660547529731
"525","Teays Valley Local School District, Ohio",12908,909,11999,0.0704214440656957,1269,4940,3504,3195,0.901688875116207
"526","Tecumseh Local School District, Ohio",12400,1437,10963,0.115887096774194,1537,4718,4067,2078,0.876048387096774
"527","Three Rivers Local School District, Ohio",11311,646,10665,0.0571125453098753,950,3695,3007,3659,0.916010962779595
"528","Tiffin City School District, Ohio",14156,1453,12703,0.102641989262504,1070,5937,4209,2940,0.924413676179712
"529","Tipp City Exempted Village School District, Ohio",10418,394,10024,0.0378191591476291,462,2885,3623,3448,0.95565367632943
"530","Toledo City School District, Ohio",140182,31323,108859,0.223445235479591,21368,46114,47372,25328,0.84756958810689
"531","Toronto City School District, Ohio",3745,595,3150,0.158878504672897,353,1738,1087,567,0.905740987983979
"532","Tri-County North Local School District, Ohio",3975,255,3720,0.0641509433962264,211,1759,1305,700,0.946918238993711
"533","Tri-Valley Local School District, Ohio",11208,1088,10120,0.0970735189150607,1074,4299,3400,2435,0.904175588865096
"534","Tri-Village Local School District, Ohio",2942,184,2758,0.0625424881033311,246,1504,823,369,0.91638341264446
"535","Triad Local School District, Ohio",4145,228,3917,0.0550060313630881,290,1815,1351,689,0.930036188178528
"536","Trimble Local School District, Ohio",3189,896,2293,0.280965820006272,640,1367,942,240,0.799310128566949
"537","Triway Local School District, Ohio",8903,759,8144,0.0852521621925194,1048,3634,2262,1959,0.882286869594519
"538","Trotwood-Madison City School District, Ohio",13327,2543,10784,0.190815637427778,1684,4744,5077,1822,0.87363997899002
"539","Troy City School District, Ohio",20611,1809,18802,0.0877686672165349,1724,6431,6550,5906,0.916355344233662
"540","Tuscarawas Valley Local School District, Ohio",7151,452,6699,0.0632079429450427,549,3111,1865,1626,0.923227520626486
"541","Tuslaw Local School District, Ohio",6753,296,6457,0.0438323707981638,449,3104,1924,1276,0.933511032133866
"542","Twin Valley Community Local School District, Ohio",3862,167,3695,0.0432418436043501,383,1717,1081,681,0.900828586224754
"543","Twinsburg City School District, Ohio",17684,899,16785,0.0508369147251753,672,4058,4773,8181,0.961999547613662
"544","Union-Scioto Local School District, Ohio",7771,753,7018,0.0968987260326856,551,2761,2615,1844,0.929095354523227
"545","Union Local School District, Ohio",6202,511,5691,0.082392776523702,378,2731,2134,959,0.939051918735892
"546","United Local School District, Ohio",4989,379,4610,0.075967127680898,516,2395,1208,870,0.896572459410704
"547","Upper Arlington City School District, Ohio",24770,520,24250,0.0209931368591038,343,1717,3525,19185,0.986152603956399
"548","Upper Sandusky Exempted Village School District, Ohio",7534,493,7041,0.0654366870188479,538,3421,2128,1447,0.928590390230953
"549","Upper Scioto Valley Local School District, Ohio",2573,265,2308,0.102992615623785,360,1346,631,236,0.860085503303537
"550","Urbana City School District, Ohio",9949,1126,8823,0.113177203739069,874,4776,2591,1708,0.912151975072872
"551","Valley Local School District, Ohio",3753,561,3192,0.149480415667466,527,1227,1104,895,0.859579003463896
"552","Valley View Local School District, Ohio",7351,471,6880,0.0640729152496259,464,2523,2590,1774,0.936879336144742
"553","Van Buren Local School District, Ohio",4693,220,4473,0.0468783294268059,247,1426,1408,1612,0.947368421052632
"554","Van Wert City School District, Ohio",9406,1218,8188,0.129491813735913,890,4197,2618,1701,0.905379544971295
"555","Vandalia-Butler City School District, Ohio",17332,1051,16281,0.0606392799446111,1122,5006,6069,5135,0.935264251096238
"556","Vanlue Local School District, Ohio",1236,65,1171,0.052588996763754,37,551,386,262,0.970064724919094
"557","Vermilion Local School District, Ohio",10774,767,10007,0.0711899016149991,945,3649,3215,2965,0.912288843512159
"558","Versailles Exempted Village School District, Ohio",3865,155,3710,0.0401034928848642,196,1720,1003,946,0.949288486416559
"559","Vinton County Local School District, Ohio",9037,1332,7705,0.147394046696913,1717,3970,2211,1139,0.810003319685736
"560","Wadsworth City School District, Ohio",19810,992,18818,0.0500757193336699,678,5760,5756,7616,0.965774861181222
"561","Walnut Township Local School District, Ohio",3378,257,3121,0.0760805210183541,350,1408,1120,500,0.896388395500296
"562","Wapakoneta City School District, Ohio",13118,1124,11994,0.0856837932611679,956,5832,4505,1825,0.927123037048331
"563","Warren City School District, Ohio",22313,6429,15884,0.288127997131717,2896,9978,6409,3030,0.870210191368261
"564","Warren Local School District, Ohio",10542,888,9654,0.0842344906089926,945,4259,3426,1912,0.910358565737052
"565","Warrensville Heights City School District, Ohio",9824,1546,8278,0.157369706840391,850,3343,4170,1461,0.913477198697068
"566","Washington-Nile Local School District, Ohio",5425,999,4426,0.184147465437788,701,2501,1545,678,0.870783410138249
"567","Washington Court House City School District, Ohio",9149,1423,7726,0.155536124166576,1295,4230,2017,1607,0.858454475899005
"568","Washington Local School District, Ohio",34195,3739,30456,0.109343471267729,2950,11574,13670,6001,0.91373007749671
"569","Waterloo Local School District, Ohio",5464,304,5160,0.0556368960468521,496,2383,1498,1087,0.909224011713031
"570","Wauseon Exempted Village School District, Ohio",6616,526,6090,0.0795042321644498,802,2746,1972,1096,0.878778718258767
"571","Waverly City School District, Ohio",7748,956,6792,0.12338668043366,1109,2864,2409,1366,0.856866288074342
"572","Wayne Local School District, Ohio",6227,309,5918,0.04962261120925,529,2053,1525,2120,0.915047374337562
"573","Wayne Trace Local School District, Ohio",3779,308,3471,0.081503043133104,313,1823,958,685,0.917173855517333
"574","Waynesfield-Goshen Local School District, Ohio",1992,134,1858,0.0672690763052209,132,1006,562,292,0.933734939759036
"575","Weathersfield Local School District, Ohio",3799,364,3435,0.0958146880758094,299,1719,1023,758,0.921295077652014
"576","Wellington Exempted Village School District, Ohio",6460,603,5857,0.093343653250774,471,2456,2251,1282,0.927089783281734
"577","Wellston City School District, Ohio",5858,1043,4815,0.178047115056333,1379,2452,1256,771,0.764595425059747
"578","Wellsville Local School District, Ohio",3197,584,2613,0.182671254300907,564,1521,863,249,0.823584610572412
"579","West Branch Local School District, Ohio",8839,873,7966,0.0987668288267904,756,4149,2468,1466,0.91446996266546
"580","West Carrollton City School District, Ohio",19446,2408,17038,0.123830093592513,1916,6483,7261,3786,0.901470739483698
"581","West Clermont Local School District, Ohio",47212,4360,42852,0.0923494026942303,4473,15357,14675,12707,0.905257138015759
"582","West Geauga Local School District, Ohio",11786,604,11182,0.0512472424910911,432,3021,3517,4816,0.963346343118955
"583","West Holmes Local School District, Ohio",11685,1415,10270,0.121095421480531,2396,5463,2331,1495,0.794950791613179
"584","West Liberty-Salem Local School District, Ohio",3787,183,3604,0.0483232109849485,212,1626,1278,671,0.944019012410879
"585","West Muskingum Local School District, Ohio",9989,773,9216,0.0773851236359996,806,3835,3318,2030,0.919311242366603
"586","Western Brown Local School District, Ohio",11702,1145,10557,0.0978465219620578,1461,5756,3112,1373,0.875149547085968
"587","Western Local School District, Ohio",3225,546,2679,0.169302325581395,627,1657,760,181,0.805581395348837
"588","Western Reserve Local School District (Erie and Huron Counties), Ohio",4354,133,4221,0.0305466237942122,488,2051,1189,626,0.887919154800184
"589","Western Reserve Local School District (Mahoning County), Ohio",3165,116,3049,0.036650868878357,269,1372,926,598,0.915007898894155
"590","Westerville City School District, Ohio",67851,4033,63818,0.0594390650100957,3115,14137,18050,32549,0.954090580831528
"591","Westfall Local School District, Ohio",6007,474,5533,0.0789079407358082,837,2619,1648,903,0.860662560346263
"592","Westlake City School District, Ohio",23130,1022,22108,0.0441850410722006,700,3948,6046,12436,0.969736273238219
"593","Wheelersburg Local School District, Ohio",5740,626,5114,0.109059233449477,543,2391,1556,1250,0.905400696864112
"594","Whitehall City School District, Ohio",11697,1966,9731,0.168077284773874,1796,4579,3622,1700,0.846456356330683
"595","Wickliffe City School District, Ohio",9080,514,8566,0.0566079295154185,655,3148,3047,2230,0.927863436123348
"596","Willard City School District, Ohio",7075,774,6301,0.109399293286219,822,3509,1907,837,0.883816254416961
"597","Williamsburg Local School District, Ohio",4743,465,4278,0.0980392156862745,611,1920,1386,826,0.871178578958465
"598","Willoughby-Eastlake City School District, Ohio",48140,3600,44540,0.0747818861653511,3343,15209,16573,13015,0.930556709597009
"599","Wilmington City School District, Ohio",13627,1835,11792,0.134659132604388,1593,4864,4074,3096,0.883099728480223
"600","Windham Exempted Village School District, Ohio",2636,335,2301,0.127086494688923,309,1449,572,306,0.882776934749621
"601","Winton Woods City School District, Ohio",17097,1314,15783,0.0768555886997719,1506,4880,5368,5343,0.911914370942271
"602","Wolf Creek Local School District, Ohio",2392,133,2259,0.0556020066889632,180,1235,723,254,0.924749163879599
"603","Woodmore Local School District, Ohio",4864,506,4358,0.104029605263158,380,1675,1611,1198,0.921875
"604","Woodridge Local School District, Ohio",12812,1041,11771,0.0812519512956603,599,2939,4008,5266,0.95324695597877
"605","Wooster City School District, Ohio",19700,2140,17560,0.108629441624365,1204,7185,5412,5899,0.938883248730965
"606","Worthington City School District, Ohio",45342,1963,43379,0.0432931939482158,1012,6316,11232,26782,0.977680737506065
"607","Wynford Local School District, Ohio",4209,478,3731,0.113566167735804,267,1932,1359,651,0.936564504632929
"608","Wyoming City School District, Ohio",5639,100,5539,0.0177336407164391,57,512,1028,4042,0.98989182479163
"609","Xenia Community City School District, Ohio",24739,3222,21517,0.130239702494038,2389,9326,7646,5378,0.90343182828732
"610","Yellow Springs Exempted Village School District, Ohio",3294,407,2887,0.123557984213722,145,392,718,2039,0.955980570734669
"611","Youngstown City School District, Ohio",43139,11575,31564,0.268318690743874,6727,17244,13228,5940,0.84406221748302
"612","Zane Trace Local School District, Ohio",6782,695,6087,0.102477145384842,569,2958,2211,1044,0.916101445001475
"613","Zanesville City School District, Ohio",17313,3593,13720,0.207531912435742,2589,7290,5288,2146,0.850459192514296
