"","X.1","X","District_Name","County","Region","mean_enrollment","mean_attendance","mean_chronic_absenteeism","mean_expulsions","mean_out_of_school_suspensions","mean_in_school_suspensions","mean_total_students_discipline","total_population","below_poverty_num","above_poverty_num","poverty_percentage","tot_less_than_HS","tot_HS","tot_some_college","tot_bachelor_plus","HS_PLUS_percentage"
"1",1,1,"Ada Exempted Village","Hardin","Region 6",419,95,8.85,0,19.5,17,36.5,3656,435,3221,0.118982495,401,1309,850,1096,89.0317287
"2",2,2,"Adena Local","Ross","Region 15",397,94.6,10.66666667,0,17.33333333,109,126.3333333,4586,611,3975,0.133231574,499,2019,1239,829,89.119058
"3",3,3,"Akron City","Summit","Region 8",478.627907,92.14651163,21.68139535,0,127.7209302,179.9186047,307.6395349,124724,23640,101084,0.189538501,16414,43858,39573,24879,86.8397422
"4",4,4,"Alexander Local","Athens","Region 16",740,94.2,12.25,0,11.5,0,11.5,7684,1159,6525,0.1508329,510,3181,2179,1814,93.3628319
"5",5,5,"Allen East Local","Allen","Region 6",375.3333333,94.63333333,13.03333333,0,0,0,0,3976,255,3721,0.064134809,198,1907,1336,535,95.0201207
"6",6,6,"Alliance City","Stark","Region 9",499.1666667,92.2,23.5,0,77.21666667,4,81.21666667,13216,2533,10683,0.191661622,1714,6005,3059,2438,87.0308717
"7",7,7,"Amanda-Clearcreek Local","Fairfield","Region 11",361.25,93.775,14.175,0,16.925,49.625,66.55,5959,303,5656,0.050847458,600,2618,1531,1210,89.9311965
"8",8,8,"Amherst Exempted Village","Lorain","Region 2",887.5,94.65,10.15,0,15.875,0,15.875,17364,1002,16362,0.057705598,1131,5166,6597,4470,93.4865238
"9",9,9,"Anna Local","Shelby","Region 6",382.3333333,96.8,3.5,0,0,0,0,3570,140,3430,0.039215686,93,1636,1052,789,97.394958
"10",10,10,"Ansonia Local","Darke","Region 10",260.6666667,95.76666667,6.5,0,5,0,5,2469,203,2266,0.082219522,333,1113,695,328,86.5127582
"11",11,11,"Anthony Wayne Local","Lucas","Region 1",668.3333333,95.88333333,5.85,0,1.833333333,0,1.833333333,19987,807,19180,0.040376245,506,4511,6275,8695,97.4683544
"12",12,12,"Antwerp Local","Paulding","Region 1",238.6666667,95.56666667,7.4,0,0,0,0,2636,148,2488,0.056145675,139,1413,720,364,94.7268589
"13",13,13,"Arcadia Local","Hancock","Region 1",186.6666667,95.86666667,3.933333333,0,0,0,0,1982,127,1855,0.06407669,89,901,683,309,95.5095863
"14",14,14,"Arcanum-Butler Local","Darke","Region 10",371.6666667,96.3,5.6,0,0,0,0,4013,170,3843,0.042362322,233,1899,1282,599,94.1938699
"15",15,15,"Arlington Local","Hancock","Region 1",276,96.1,5.8,0,0,0,0,2540,255,2285,0.100393701,131,1096,747,566,94.8425197
"16",16,16,"Ashland City","Ashland","Region 7",635.2,94.62,11.92,0,3.2,5.7,8.9,16446,1612,14834,0.098017755,1588,6120,4188,4550,90.3441566
"17",17,17,"Ashtabula Area City","Ashtabula","Region 5",486.7142857,92.5,23.27142857,0,41.54285714,49.57142857,91.11428571,18839,4206,14633,0.223260258,2835,8154,5024,2826,84.9514305
"18",18,18,"Athens City","Athens","Region 16",420.8333333,93.4,16.53333333,0,0,6.833333333,6.833333333,15577,3057,12520,0.196250883,1175,3510,3192,7700,92.4568274
"19",19,19,"Aurora City","Portage","Region 8",589.6,96.3,3.66,0,4,2,6,11263,380,10883,0.033738791,508,2285,2539,5931,95.4896564
"20",20,20,"Avon Lake City","Lorain","Region 2",538.4285714,95.81428571,4.985714286,0,3.571428571,16.71428571,20.28571429,16790,933,15857,0.055568791,563,3036,4703,8488,96.6468136
"21",21,21,"Avon Local","Lorain","Region 2",864.2,95.98,4.72,0,5.3,0,5.3,14526,377,14149,0.025953463,456,2381,3789,7900,96.8608013
"22",22,22,"Ayersville Local","Defiance","Region 1",245.3333333,95.63333333,6.3,0,3.833333333,0,3.833333333,2633,146,2487,0.055450057,159,1289,817,368,93.9612609
"23",23,23,"Barberton City","Summit","Region 8",910.75,92.225,22.225,0,71.025,171.75,242.775,18642,2705,15937,0.145102457,2914,8574,4398,2756,84.36863
"24",24,24,"Barnesville Exempted Village","Belmont","Region 12",457.3333333,94.53333333,10.8,0,0,0,0,4852,541,4311,0.111500412,471,1918,1589,874,90.2926628
"25",25,25,"Batavia Local","Clermont","Region 13",748.3333333,93.16666667,18,0,21.86666667,18.6,40.46666667,8340,946,7394,0.113429257,805,2580,2690,2265,90.3477218
"26",26,26,"Bath Local","Allen","Region 6",567.3333333,95.33333333,7.3,0,21,0,21,7204,712,6492,0.098833981,703,2441,2460,1600,90.2415325
"27",27,27,"Bay Village City","Cuyahoga","Region 3",603.5,96.05,4.375,0,0,6,6,10541,424,10117,0.040223888,234,1109,2087,7111,97.7800968
"28",28,28,"Beachwood City","Cuyahoga","Region 3",366,95.45,8.175,0,0,21,21,8109,354,7755,0.043655198,247,993,1397,5472,96.9540017
"29",29,29,"Beaver Local","Columbiana","Region 5",574,93.16666667,18.2,0,0,13,13,9498,760,8738,0.080016846,1066,4143,3062,1227,88.7765845
"30",30,30,"Beavercreek City","Greene","Region 10",765.5,95.77,6.16,0,10.1,16.75,26.85,39596,1728,37868,0.043640772,954,6603,11394,20645,97.5906657
"31",31,31,"Bedford City","Cuyahoga","Region 3",534,93.23333333,19.23333333,0,136.0333333,230.4166667,366.45,21157,2711,18446,0.12813726,1799,7485,7622,4251,91.4969041
"32",32,32,"Bellaire Local","Belmont","Region 12",393.6666667,91.36666667,30.03333333,0,0,0,0,6883,1297,5586,0.188435275,767,2992,2367,757,88.8566032
"33",33,33,"Bellbrook-Sugarcreek Local","Greene","Region 10",658.75,96.05,5.4,0,0,0,0,11283,260,11023,0.023043517,277,1779,3034,6193,97.5449792
"34",34,34,"Bellefontaine City","Logan","Region 6",578.75,94.625,12.2,0,0,14.25,14.25,9775,1244,8531,0.127263427,569,4941,2592,1673,94.1790281
"35",35,35,"Bellevue City","Huron","Region 2",667,95.2,8.25,0,8.5,0,8.5,8479,573,7906,0.067578724,479,3791,2832,1377,94.3507489
"36",36,36,"Bellevue City","Sandusky","Region 2",573,94.4,13.6,0,0,0,0,8479,573,7906,0.067578724,479,3791,2832,1377,94.3507489
"37",37,37,"Belpre City","Washington","Region 16",482,94,16.95,0,8.5,19,27.5,6128,708,5420,0.115535248,772,2181,2270,905,87.4020888
"38",38,38,"Benjamin Logan Local","Logan","Region 6",558.3333333,95.9,5.466666667,0,7.166666667,0,7.166666667,7587,478,7109,0.063002504,503,3443,2232,1409,93.3702386
"39",39,39,"Berea City","Cuyahoga","Region 3",958.6666667,94.55,10.35,0,41,44.83333333,85.83333333,36985,3054,33931,0.082574016,3085,11766,11850,10284,91.6587806
"40",40,40,"Berkshire Local","Geauga","Region 4",412.6666667,95.26666667,9,0,0,15,15,9163,653,8510,0.07126487,1111,3058,2841,2153,87.8751501
"41",41,41,"Berne Union Local","Fairfield","Region 11",410,94.35,12.2,0,0,0,0,3826,278,3548,0.072660742,301,1858,1198,469,92.1327757
"42",42,42,"Bethel-Tate Local","Clermont","Region 13",374.5,94.45,11.175,0,19.425,16.5,35.925,6517,813,5704,0.124750652,968,2888,1706,955,85.1465398
"43",43,43,"Bethel Local","Miami","Region 10",485.3333333,95.26666667,8.666666667,0,8.5,0,8.5,5667,265,5402,0.046761955,309,1945,1671,1742,94.5473796
"44",44,44,"Bexley City","Franklin","Region 11",498.2,95.68,5.7,0,0,4.2,4.2,8084,382,7702,0.047253835,163,622,1124,6175,97.9836714
"45",45,45,"Big Walnut Local","Delaware","Region 11",530,95.61428571,5.028571429,0,1.614285714,10.5,12.11428571,14961,686,14275,0.04585255,710,3657,4007,6587,95.2543279
"46",46,46,"Black River Local","Ashland","Region 7",375.6666667,94.76666667,9.533333333,0,0,5.666666667,5.666666667,6817,621,6196,0.09109579,848,2911,1887,1171,87.5605105
"47",47,47,"Blanchester Local","Clinton","Region 14",365,94.75,9.575,0,30.75,4.75,35.5,5686,700,4986,0.123109391,889,2614,1519,664,84.3651073
"48",48,48,"Bloom-Carroll Local","Fairfield","Region 11",508.5,95.225,7.2,0,5.25,3.25,8.5,8208,242,7966,0.029483431,287,2675,2740,2506,96.5034113
"49",49,49,"Bloom-Vernon Local","Scioto","Region 15",421.5,94.95,9.95,0,0,35,35,3562,693,2869,0.194553622,461,1641,904,556,87.0578327
"50",50,50,"Bloomfield-Mespo Local","Trumbull","Region 5",116.5,93.45,15.65,0,0,0,0,2260,263,1997,0.116371681,1029,717,267,247,54.4690265
"51",51,51,"Bluffton Exempted Village","Allen","Region 6",375.3333333,95.73333333,6.266666667,0,0,0,0,4397,194,4203,0.044120992,268,1283,1229,1617,93.9049352
"52",52,52,"Boardman Local","Mahoning","Region 5",577.7142857,95.21428571,8.871428571,0,12.85714286,0,12.85714286,25502,2243,23259,0.087953886,1436,7655,7789,8622,94.3690691
"53",53,53,"Botkins Local","Shelby","Region 6",299.5,96.15,6.3,0,0,0,0,1638,60,1578,0.036630037,104,753,524,257,93.6507937
"54",54,54,"Bradford Exempted Village","Darke","Region 10",228.5,94.25,12.3,0,0,11.5,11.5,2440,192,2248,0.078688525,259,1310,629,242,89.3852459
"55",55,55,"Brecksville-Broadview Heights City","Cuyahoga","Region 3",620.6666667,96.03333333,4.666666667,0,5.333333333,0,5.333333333,18790,560,18230,0.029803087,388,3915,4680,9807,97.9350718
"56",56,56,"Bridgeport Exempted Village","Belmont","Region 12",257.6666667,94.5,11.93333333,0,0,0,0,4476,605,3871,0.135165326,585,1940,1435,516,86.9302949
"57",57,57,"Bright Local","Highland","Region 14",238,94.36666667,10.56666667,0,5,13.33333333,18.33333333,3721,414,3307,0.111260414,653,1751,1027,290,82.450954
"58",58,58,"Bristol Local","Trumbull","Region 5",250,94.45,11.75,0,0,0,0,3432,255,3177,0.074300699,662,1541,779,450,80.7109557
"59",59,59,"Brookfield Local","Trumbull","Region 5",326.6666667,92.93333333,20.03333333,0,8.333333333,0,8.333333333,6183,990,5193,0.160116448,524,3336,1311,1012,91.5251496
"60",60,60,"Brooklyn City","Cuyahoga","Region 3",560,93.2,18.1,0,16.5,10,26.5,7622,616,7006,0.080818683,841,2875,2371,1535,88.9661506
"61",61,61,"Brookville Local","Montgomery","Region 10",488,96.3,4.7,0,6.666666667,0,6.666666667,7143,367,6776,0.051378972,399,2381,2607,1756,94.4141117
"62",62,62,"Brown Local","Carroll","Region 12",203.6666667,94.73333333,9.166666667,0,4,5,9,3759,523,3236,0.139132748,161,1739,1187,672,95.716946
"63",63,63,"Brunswick City","Medina","Region 8",620.9090909,95.46363636,7.118181818,0,18.15454545,26,44.15454545,32220,1722,30498,0.053445065,1782,10017,11119,9302,94.4692737
"64",64,64,"Bryan City","Williams","Region 1",958.5,95.55,7.7,0,16,57.5,73.5,8597,712,7885,0.082819588,417,3404,3235,1541,95.1494707
"65",65,65,"Buckeye Central Local","Crawford","Region 7",196,95.53333333,9.633333333,0,7.333333333,8.333333333,15.66666667,3512,253,3259,0.072038724,270,1703,1030,509,92.3120729
"66",66,66,"Buckeye Local","Ashtabula","Region 5",424.5,93.875,17.2,0,12.625,0,12.625,7288,878,6410,0.120472009,729,3146,2192,1221,89.9972558
"67",67,67,"Buckeye Local","Jefferson","Region 12",314.2,92.78,20.4,0,5.2,4.9,10.1,10614,1311,9303,0.123516111,996,5393,3091,1134,90.6161673
"68",68,68,"Buckeye Local","Medina","Region 8",567,95.3,7.95,0,8,5,13,10257,536,9721,0.052256995,558,3638,2842,3219,94.5598128
"69",69,69,"Buckeye Valley Local","Delaware","Region 11",540.25,94.75,10.9,0,16.2,2.5,18.7,12869,389,12480,0.030227679,745,3938,3432,4754,94.2108944
"70",70,70,"Bucyrus City","Crawford","Region 7",597,92.85,18.2,0,53.85,13.25,67.1,7503,849,6654,0.113154738,785,3804,2080,834,89.5375183
"71",71,71,"Caldwell Exempted Village","Noble","Region 12",401.5,93.25,19.1,0,44.5,27,71.5,4617,639,3978,0.138401559,524,2200,1435,458,88.6506389
"72",72,72,"Cambridge City","Guernsey","Region 12",482.75,94.325,13.875,0,16,40.25,56.25,10615,2117,8498,0.199434762,1371,4480,3291,1473,87.0843146
"73",73,73,"Campbell City","Mahoning","Region 5",530.5,91.1,28.6,0,26.1,6.5,32.6,5248,1283,3965,0.244474085,794,2202,1770,482,84.8704268
"74",74,74,"Canal Winchester Local","Fairfield","Region 11",950,94.6,11.5,0,83.2,130.5,213.7,13219,557,12662,0.042136319,441,3978,4033,4767,96.6638929
"75",75,75,"Canal Winchester Local","Franklin","Region 11",953.6666667,94.5,11.63333333,0,25.4,54.2,79.6,13219,557,12662,0.042136319,441,3978,4033,4767,96.6638929
"76",76,76,"Canfield Local","Mahoning","Region 5",641.25,95.2,7.55,0,3,0,3,13243,541,12702,0.040851771,331,3171,3338,6403,97.5005663
"77",77,77,"Canton City","Stark","Region 9",381.5,94.13636364,16.36818182,0,38.86363636,33.31818182,72.18181818,39309,9303,30006,0.23666336,5684,15843,12923,4859,85.5402071
"78",78,78,"Canton Local","Stark","Region 9",625,94.63333333,12.5,0,26,74.66666667,100.6666667,8878,748,8130,0.08425321,874,4293,2638,1073,90.1554404
"79",79,79,"Cardinal Local","Geauga","Region 4",288.3333333,93.26666667,16.63333333,0,0,0,0,7792,668,7124,0.085728953,3182,2113,1409,1088,59.1632444
"80",80,80,"Cardington-Lincoln Local","Morrow","Region 7",262.75,94.25,11.925,0,8.75,9.25,18,4864,486,4378,0.099917763,635,2193,1346,690,86.9449013
"81",81,81,"Carlisle Local","Warren","Region 13",382.5,95.325,7.8,0,5.75,0,5.75,7033,363,6670,0.051613821,866,2662,2420,1085,87.6866202
"82",82,82,"Carrollton Exempted Village","Carroll","Region 12",376.2,94.16,14.52,0,9.4,10,19.4,10830,1039,9791,0.095937211,1418,5323,2680,1409,86.9067405
"83",83,83,"Cedar Cliff Local","Greene","Region 10",303,95.8,6.9,0,0,0,0,2600,104,2496,0.04,78,574,775,1173,97
"84",84,84,"Celina City","Mercer","Region 6",501.4,95.46,7.76,0,10.96,40.6,51.56,12367,807,11560,0.065254306,949,5434,3752,2232,92.3263524
"85",85,85,"Centerburg Local","Knox","Region 7",361.6666667,94.6,12.03333333,0,0,0,0,4313,235,4078,0.054486436,138,1691,1386,1098,96.800371
"86",86,86,"Centerville City","Montgomery","Region 10",666.75,95.70833333,6.633333333,0,3.916666667,0,3.916666667,40493,1854,38639,0.045785691,1137,5876,11063,22417,97.1921073
"87",87,87,"Central Local","Defiance","Region 1",316.6666667,95.4,8.7,0,0,0,0,3951,263,3688,0.066565426,419,1662,1197,673,89.3950899
"88",88,88,"Chagrin Falls Exempted Village","Cuyahoga","Region 3",455.3333333,95.76666667,4.766666667,0,0,0,0,6936,168,6768,0.024221453,114,599,1289,4934,98.3564014
"89",89,89,"Chagrin Falls Exempted Village","Geauga","Region 3",486,95.5,4.7,0,0,0,0,6936,168,6768,0.024221453,114,599,1289,4934,98.3564014
"90",90,90,"Champion Local","Trumbull","Region 5",441.3333333,95.03333333,9.266666667,0,0,17.66666667,17.66666667,6612,283,6329,0.042800968,398,2961,1948,1305,93.9806413
"91",91,91,"Chardon Local","Geauga","Region 4",671.5,95.25,7.65,0,7,0,7,15014,935,14079,0.06227521,765,3974,4923,5352,94.9047556
"92",92,92,"Chesapeake Union Exempted Village","Lawrence","Region 15",429.3333333,93.8,15.7,0,0,0,0,5264,872,4392,0.165653495,710,2237,1340,977,86.5121581
"93",93,93,"Chillicothe City","Ross","Region 15",627.25,89.75,31.575,0,71.15,0,71.15,15483,2724,12759,0.175934896,1856,6116,4841,2670,88.012659
"94",94,94,"Chippewa Local","Wayne","Region 9",427,95.03333333,10.46666667,0,13.13333333,22.93333333,36.06666667,6827,426,6401,0.062399297,424,2737,1945,1721,93.7893658
"95",95,95,"Circleville City","Pickaway","Region 11",701,92.7,21.36666667,0,25.66666667,49.33333333,75,10563,1750,8813,0.165672631,1372,4708,2663,1820,87.0112657
"96",96,96,"Clark-Shawnee Local","Clark","Region 10",369,94.78,11.26,0,6.66,32.1,38.76,8173,456,7717,0.055793466,692,2765,2918,1798,91.5330968
"97",97,97,"Clay Local","Scioto","Region 15",229.3333333,94.23333333,17.4,0,0,33,33,2444,269,2175,0.110065466,266,890,914,374,89.1162029
"98",98,98,"Claymont City","Tuscarawas","Region 12",356.2,93.92,15.46,0,20,56.4,76.4,7828,1375,6453,0.175651507,1275,3890,1877,786,83.7123148
"99",99,99,"Clear Fork Valley Local","Richland","Region 7",403.25,95.275,8.1,0,0,0,0,7022,471,6551,0.067074907,891,2775,1883,1473,87.3113073
"100",100,100,"Clearview Local","Lorain","Region 2",541.6666667,91.86666667,25.26666667,0,64.93333333,0,64.93333333,4190,800,3390,0.190930788,908,1476,1308,498,78.3293556
"101",101,101,"Clermont Northeastern Local","Clermont","Region 13",457,93.7,16.46666667,0,9.366666667,10.66666667,20.03333333,9741,758,8983,0.077815419,1357,4043,2664,1677,86.0691921
"102",102,102,"Cleveland Heights-University Heights City","Cuyahoga","Region 3",514.9,93.1,20.41,0,72.63,170.85,243.48,36308,4320,31988,0.118982043,1661,5115,9061,20471,95.4252506
"103",103,103,"Cleveland Municipal","Cuyahoga","Region 3",351.1626016,90.45934959,31.73821138,0,61.95772358,9.089430894,71.04715447,256543,69003,187540,0.268972453,48564,84080,78725,45174,81.0698401
"104",104,104,"Clinton-Massie Local","Clinton","Region 14",550,95.33333333,7.233333333,0,8.333333333,16.5,24.83333333,7283,296,6987,0.040642592,412,2646,2508,1717,94.3429905
"105",105,105,"Cloverleaf Local","Medina","Region 8",752.3333333,95.06666667,9.733333333,0,14.66666667,0,14.66666667,14440,1003,13437,0.069459834,1086,6246,4211,2897,92.4792244
"106",106,106,"Clyde-Green Springs Exempted Village","Sandusky","Region 1",530.25,95.3,8.15,0,8.45,38.325,46.775,8725,904,7821,0.103610315,796,3979,2887,1063,90.8767908
"107",107,107,"Coldwater Exempted Village","Mercer","Region 6",442,96.36666667,3.566666667,0,0,0,0,4132,134,3998,0.032429816,225,1914,1159,834,94.5546951
"108",108,108,"Colonel Crawford Local","Crawford","Region 7",229.25,95.95,4.25,0,0,3.5,3.5,4185,210,3975,0.050179211,257,1945,1171,812,93.8590203
"109",109,109,"Columbia Local","Lorain","Region 2",276.6666667,95.2,7.9,0,3.333333333,0,3.333333333,5138,279,4859,0.054301285,355,1912,1717,1154,93.0906968
"110",110,110,"Columbiana Exempted Village","Columbiana","Region 5",353.3333333,94.33333333,12.56666667,0,0,0,0,5556,419,5137,0.075413967,209,2121,1665,1561,96.2383009
"111",111,111,"Columbus Grove Local","Putnam","Region 1",278.6666667,97,3.5,0,0,0,0,3045,177,2868,0.058128079,195,1319,1016,515,93.5960591
"112",112,112,"Conneaut Area City","Ashtabula","Region 5",387,93.425,17.55,0,11.575,0,11.575,8782,1318,7464,0.150079708,869,4067,2548,1298,90.1047597
"113",113,113,"Conotton Valley Union Local","Carroll","Region 12",201.5,93.95,15.6,0,0,24,24,2612,367,2245,0.14050536,238,1411,617,346,90.8882083
"114",114,114,"Continental Local","Putnam","Region 1",233,95.95,4.85,0,0,5.5,5.5,2460,289,2171,0.117479675,170,1363,653,274,93.0894309
"115",115,115,"Copley-Fairlawn City","Summit","Region 8",559.2,95.64,7.14,0,3.4,0,3.4,15254,654,14600,0.042874,309,3042,4131,7772,97.9743018
"116",116,116,"Cory-Rawson Local","Hancock","Region 1",258.5,95.85,5.8,0,0,0,0,2824,123,2701,0.043555241,138,1081,873,732,95.1133144
"117",117,117,"Coshocton City","Coshocton","Region 12",766,94.5,11.2,0,9.5,103.25,112.75,7572,1072,6500,0.141574221,814,3683,1910,1165,89.2498679
"118",118,118,"Coventry Local","Summit","Region 8",610.3333333,94.16666667,13.36666667,0,12.66666667,46.16666667,58.83333333,10190,915,9275,0.089793916,751,3582,3282,2575,92.6300294
"119",119,119,"Covington Exempted Village","Miami","Region 10",252,95.93333333,6.2,0,0,0,0,3247,259,2988,0.079765938,377,1425,1026,419,88.3892824
"120",120,120,"Crestline Exempted Village","Crawford","Region 7",237.5,93.35,17.2,0,9.5,22.25,31.75,3512,421,3091,0.119874715,469,1536,1143,364,86.6457859
"121",121,121,"Crestview Local","Columbiana","Region 5",401.3333333,93.86666667,14.23333333,0,0,0,0,4074,274,3800,0.067255768,429,1763,1195,687,89.4698085
"122",122,122,"Crestview Local","Richland","Region 7",343,95.26666667,7.366666667,0,6.666666667,0,6.666666667,4709,508,4201,0.10787853,732,1688,1353,936,84.4552984
"123",123,123,"Crestview Local","Van Wert","Region 1",266.3333333,96.26666667,4.3,0,0,0,0,3137,154,2983,0.049091489,279,1264,1016,578,91.1061524
"124",124,124,"Crestwood Local","Portage","Region 8",411.5,93.675,15.125,0,23.25,0,23.25,9970,734,9236,0.073620863,914,4370,2536,2150,90.8324975
"125",125,125,"Crooksville Exempted Village","Perry","Region 16",361.6666667,94.4,13.5,0,0,0,0,3618,588,3030,0.16252073,391,2116,868,243,89.1929243
"126",126,126,"Cuyahoga Falls City","Summit","Region 8",498.7777778,94.57777778,11.37777778,0,10,0,10,29622,2463,27159,0.083147661,1700,8396,9419,10107,94.2610222
"127",127,127,"Cuyahoga Heights Local","Cuyahoga","Region 3",266.6666667,96.43333333,3.433333333,0,0,0,0,3009,146,2863,0.048521103,139,1054,830,986,95.3805251
"128",128,128,"Dalton Local","Wayne","Region 9",281,96,5.166666667,0,0,0,0,4262,291,3971,0.068277804,902,1638,864,858,78.8362271
"129",129,129,"Danbury Local","Ottawa","Region 1",178.3333333,94.8,8.6,0,0,0,0,4283,258,4025,0.060238151,221,1392,1371,1299,94.8400654
"130",130,130,"Danville Local","Knox","Region 7",203.6666667,95.4,8.2,0,0,0,0,2325,209,2116,0.089892473,221,1066,648,390,90.4946237
"131",131,131,"Dawson-Bryant Local","Lawrence","Region 15",359.6666667,94.03333333,17.16666667,0,0,6.666666667,6.666666667,4173,429,3744,0.102803738,642,1690,1205,636,84.6153846
"132",132,132,"Dayton City","Montgomery","Region 10",481.7692308,88.82307692,35.64230769,0,107.46,0,107.46,93236,23823,69413,0.255512892,14918,28085,33991,16242,83.9997426
"133",133,133,"Deer Park Community City","Hamilton","Region 13",601.5,93.15,18.9,0,15.5,48,63.5,8748,459,8289,0.052469136,696,2532,2614,2906,92.0438957
"134",134,134,"Defiance City","Defiance","Region 1",804.6666667,94.73333333,12.03333333,0,5,36.83333333,41.83333333,10920,1020,9900,0.093406593,1090,4432,3342,2056,90.018315
"135",135,135,"Delaware City","Delaware","Region 11",797.4285714,94.92857143,9.842857143,0,16.21428571,16,32.21428571,25680,2329,23351,0.090693146,1830,7399,8011,8440,92.8738318
"136",136,136,"Delphos City","Allen","Region 6",205.5,96.9,3.25,0,0,0,0,6867,374,6493,0.054463376,503,3025,2114,1225,92.6751129
"137",137,137,"Delphos City","Van Wert","Region 6",243.5,94.8,12.1,0,7,5,12,6867,374,6493,0.054463376,503,3025,2114,1225,92.6751129
"138",138,138,"Dover City","Tuscarawas","Region 12",536,95.64,6.42,0,0,0,0,11584,805,10779,0.069492403,1124,4271,2928,3261,90.2969613
"139",139,139,"Dublin City","Delaware","Region 11",676.3333333,95.8,4.6,0,0,3.333333333,3.333333333,59124,2671,56453,0.04517624,1778,6510,11775,39061,96.992761
"140",140,140,"Dublin City","Franklin","Region 11",866.3333333,95.26,8.646666667,0,9.98,25.46666667,35.44666667,59124,2671,56453,0.04517624,1778,6510,11775,39061,96.992761
"141",141,141,"Dublin City","Union","Region 11",687,96.2,4.2,0,0,0,0,59124,2671,56453,0.04517624,1778,6510,11775,39061,96.992761
"142",142,142,"East Clinton Local","Clinton","Region 14",308.75,93.9,13.4,0,7.75,21.25,29,5539,686,4853,0.12384907,684,2543,1552,760,87.6512006
"143",143,143,"East Guernsey Local","Guernsey","Region 12",338.6666667,93.2,19.4,0,0,25.26666667,25.26666667,5585,556,5029,0.099552372,982,2323,1333,947,82.4171889
"144",144,144,"East Holmes Local","Holmes","Region 12",198.25,96.525,2.5,0,0,0,0,11237,643,10594,0.057221678,7408,2001,1122,706,34.074931
"145",145,145,"East Knox Local","Knox","Region 7",446.5,94.7,9.45,0,5.5,7,12.5,6911,747,6164,0.108088554,676,2735,2132,1368,90.2184923
"146",146,146,"East Liverpool City","Columbiana","Region 5",425.6,90.52,35.76,0,24.86,8.8,33.66,10537,1964,8573,0.186390813,1489,4868,3172,1008,85.8688431
"147",147,147,"East Muskingum Local","Guernsey","Region 12",117,95.9,4.1,0,0,0,0,8102,492,7610,0.060725747,948,3149,2327,1678,88.2991854
"148",148,148,"East Muskingum Local","Muskingum","Region 12",399.8,94.94,9.88,0,2.2,11.5,13.7,8102,492,7610,0.060725747,948,3149,2327,1678,88.2991854
"149",149,149,"East Palestine City","Columbiana","Region 5",356,92.5,19.26666667,0,5,13.66666667,18.66666667,5437,503,4934,0.092514254,559,2473,1563,842,89.7185948
"150",150,150,"Eastern Local","Brown","Region 14",305.75,95.65,5.925,0,3.5,3.25,6.75,5739,927,4812,0.161526398,733,2412,1523,1071,87.22774
"151",151,151,"Eastern Local","Meigs","Region 16",397.5,92.85,20.8,0,0,30,30,3913,469,3444,0.119856887,479,1816,1138,480,87.7587529
"152",152,152,"Eastern Local School District","Pike","Region 15",205.25,93.425,18.45,0,4.75,24.75,29.5,3340,588,2752,0.176047904,521,1573,841,405,84.4011976
"153",153,153,"Eastwood Local","Wood","Region 1",470,95.96666667,5.533333333,0,0,0,0,6065,365,5700,0.060181369,292,2121,2048,1604,95.1854905
"154",154,154,"Eaton Community City","Preble","Region 10",477.75,95.05,10.625,0,5,0,5,9659,1072,8587,0.110984574,869,4010,3017,1763,91.0032094
"155",155,155,"Edgerton Local","Williams","Region 1",283.5,95.7,6.5,0,0,0,0,2779,151,2628,0.054336092,228,1232,859,460,91.7956099
"156",156,156,"Edgewood City","Butler","Region 13",708,93.78,15.08,0,21.5,22.66,44.16,12695,923,11772,0.07270579,1068,5445,4069,2113,91.5872391
"157",157,157,"Edison Local","Jefferson","Region 12",366,93.875,15.85,0,35.5,0,35.5,10371,1178,9193,0.113585961,997,4928,3224,1222,90.3866551
"158",158,158,"Edison Local","Erie","Region 2",488,94.93333333,10.16666667,0,6.833333333,0,6.833333333,6212,427,5785,0.068737927,380,2643,1771,1418,93.8828075
"159",159,159,"Edon Northwest Local","Williams","Region 1",239,95.05,9.1,0,0,0,0,2133,145,1988,0.067979372,193,887,722,331,90.9517112
"160",160,160,"Elgin Local","Marion","Region 7",341,93.7,15.1,0,6,4,10,4379,246,4133,0.056177209,407,2271,1127,574,90.7056406
"161",161,161,"Elida Local","Allen","Region 6",751,94,14.66666667,0,49.56666667,10.36666667,59.93333333,12317,1232,11085,0.100024357,902,5122,4226,2067,92.6767882
"162",162,162,"Elmwood Local","Wood","Region 1",409,96.3,5.666666667,0,4.333333333,0,4.333333333,4344,289,4055,0.066528545,374,1969,1272,729,91.3904236
"163",163,163,"Euclid City","Cuyahoga","Region 3",793,91.11666667,30.35,0,175.1666667,0,175.1666667,32255,5792,26463,0.179569059,3225,10426,12275,6329,90.0015501
"164",164,164,"Evergreen Local","Fulton","Region 1",392.6666667,96.2,4.866666667,0,0,0,0,5411,289,5122,0.053409721,404,2231,1768,1008,92.5337276
"165",165,165,"Fairbanks Local","Union","Region 11",353.6666667,95.96666667,5.366666667,0,0,0,0,4560,203,4357,0.044517544,183,1483,1075,1819,95.9868421
"166",166,166,"Fairborn City","Greene","Region 10",1039.5,92.825,20.325,0,78.275,89.375,167.65,26501,3283,23218,0.123882118,2432,6710,8992,8367,90.8229878
"167",167,167,"Fairfield City","Butler","Region 13",921.5,94.84,11.04,0,56.18,136.9,193.08,43867,2822,41045,0.064330818,3591,15277,12930,12069,91.813892
"168",168,168,"Fairfield Local","Highland","Region 14",300.6666667,95.03333333,10.36666667,0,0,13.33333333,13.33333333,3260,334,2926,0.102453988,361,1557,945,397,88.9263804
"169",169,169,"Fairfield Union Local","Fairfield","Region 11",475.5,94.8,11.15,0,8.875,7.75,16.625,7528,774,6754,0.102816153,715,3107,2146,1560,90.5021254
"170",170,170,"Fairland Local","Lawrence","Region 15",390.75,94.4,13.825,0,0,0,0,7594,609,6985,0.080194891,580,2874,2481,1659,92.3623914
"171",171,171,"Fairlawn Local","Shelby","Region 6",286.5,95.25,5.8,0,0,6.25,6.25,1571,97,1474,0.061744112,199,730,394,248,87.332909
"172",172,172,"Fairless Local","Stark","Region 9",487.3333333,98.53333333,1.933333333,0,9.333333333,36.66666667,46,7800,728,7072,0.093333333,1018,3744,2172,866,86.9487179
"173",173,173,"Fairport Harbor Exempted Village","Lake","Region 4",342.5,92.9,19.45,0,35.5,23.5,59,2355,302,2053,0.128237792,196,762,837,560,91.6772824
"174",174,174,"Fairview Park City","Cuyahoga","Region 3",413.25,95.375,7.725,0,5,0,5,11434,804,10630,0.0703166,499,2444,3445,5046,95.635823
"175",175,175,"Fayette Local","Fulton","Region 1",205,94.45,12.5,0,0,0,0,1764,117,1647,0.066326531,121,865,543,235,93.1405896
"176",176,176,"Fayetteville-Perry Local","Brown","Region 14",262,94.63333333,10.73333333,0,4,6,10,3190,259,2931,0.081191223,274,1478,979,459,91.4106583
"177",177,177,"Federal Hocking Local","Athens","Region 16",251.5,92.75,22.575,0,0,0,0,6015,934,5081,0.15527847,678,2756,1569,1012,88.7281796
"178",178,178,"Felicity-Franklin Local","Clermont","Region 13",250.3333333,93.86666667,17.03333333,0,0,0,0,3588,368,3220,0.102564103,711,1233,1118,526,80.1839465
"179",179,179,"Field Local","Portage","Region 8",475.25,94.525,11.775,0,7.75,32.375,40.125,11254,679,10575,0.060334103,647,4344,3063,3200,94.250933
"180",180,180,"Findlay City","Hancock","Region 1",436.9166667,94.35833333,11.525,0,12.93333333,23.4,36.33333333,27604,2823,24781,0.102267787,2364,9194,8278,7768,91.4360238
"181",181,181,"Finneytown Local","Hamilton","Region 13",448,94.03333333,15.66666667,0,24.9,0,24.9,8030,498,7532,0.062017435,643,1843,2445,3099,91.992528
"182",182,182,"Firelands Local","Lorain","Region 2",535.3333333,94.43333333,12.23333333,0,10.93333333,0,10.93333333,9053,535,8518,0.059096432,766,3691,2903,1693,91.5387164
"183",183,183,"Forest Hills Local","Hamilton","Region 13",807.1111111,95.62222222,6.477777778,0,9.777777778,0,9.777777778,31267,1184,30083,0.0378674,811,4912,7313,18231,97.406211
"184",184,184,"Fort Frye Local","Morgan","Region 16",147,94.9,6.8,0,15,0,15,4352,504,3848,0.115808824,259,2122,1392,579,94.0487132
"185",185,185,"Fort Frye Local","Washington","Region 16",273,95.03333333,9,0,0,9.666666667,9.666666667,4352,504,3848,0.115808824,259,2122,1392,579,94.0487132
"186",186,186,"Fort Loramie Local","Shelby","Region 6",359,98.1,0.7,0,0,0,0,2359,95,2264,0.040271301,111,1057,644,547,95.2946164
"187",187,187,"Fort Recovery Local","Mercer","Region 6",333,97.1,2.1,0,0,0,0,2314,125,2189,0.054019015,214,1076,615,409,90.7519447
"188",188,188,"Fostoria City","Seneca","Region 1",367,92.56666667,25.66666667,0,13.66666667,0,13.66666667,9101,1717,7384,0.188660587,1030,4199,2859,1013,88.6825624
"189",189,189,"Fostoria City","Wood","Region 1",711,90.2,33.8,0,343,0,343,9101,1717,7384,0.188660587,1030,4199,2859,1013,88.6825624
"190",190,190,"Franklin City","Warren","Region 13",343.875,94.1125,13.575,0,9.125,5.5,14.625,14056,1273,12783,0.090566306,1946,6015,4011,2084,86.1553785
"191",191,191,"Franklin Local","Muskingum","Region 12",468.5,94.075,13.75,0,13.25,26.375,39.625,8844,1161,7683,0.131275441,1023,4186,2486,1149,88.4328358
"192",192,192,"Franklin Monroe Local","Darke","Region 10",292.5,96.65,3.1,0,0,0,0,2087,38,2049,0.018207954,130,940,665,352,93.7709631
"193",193,193,"Fredericktown Local","Knox","Region 7",398,95.13333333,9.366666667,0,14.5,0,14.5,4594,363,4231,0.079016108,330,1655,1648,961,92.8167175
"194",194,194,"Fremont City","Sandusky","Region 1",391.1111111,94.67777778,11.41111111,0,23.27777778,25.44444444,48.72222222,19588,2140,17448,0.109250562,2130,8042,6284,3132,89.1259955
"195",195,195,"Frontier Local","Washington","Region 16",145.5,93.2,18.05,0,0,0,0,3507,337,3170,0.096093527,538,1828,739,402,84.6592529
"196",196,196,"Gahanna-Jefferson City","Franklin","Region 11",680.8181818,95.59090909,6.545454545,0,33.90909091,26.90909091,60.81818182,33294,1522,31772,0.045713942,1112,7063,8747,16372,96.6600589
"197",197,197,"Galion City","Crawford","Region 7",422.5,93.875,14.975,0,39.175,0,39.175,8630,1415,7215,0.16396292,814,3835,2618,1363,90.5677868
"198",198,198,"Gallia County Local","Gallia","Region 16",271.875,93.1,19.5,0,1.875,3.5,5.375,10483,1689,8794,0.161118001,1934,4448,2596,1505,81.5510827
"199",199,199,"Gallipolis City","Gallia","Region 16",400.8,94.4,12.38,0,0,0,0,9861,1809,8052,0.183449954,1242,3925,2933,1761,87.4049285
"200",200,200,"Garaway Local","Tuscarawas","Region 12",240.4,96.58,4.02,0,0,0,0,6600,388,6212,0.058787879,2609,2440,930,621,60.469697
"201",201,201,"Geneva Area City","Ashtabula","Region 5",442.8,93.46,18.42,0,21.36,0,21.36,11760,1840,9920,0.156462585,1349,5539,3242,1630,88.5289116
"202",202,202,"Genoa Area Local","Ottawa","Region 1",429.3333333,96.03333333,5.3,0,0,3.333333333,3.333333333,5711,342,5369,0.059884434,384,1946,2188,1193,93.2761338
"203",203,203,"Georgetown Exempted Village","Brown","Region 14",525.5,93.65,16.35,0,15,195,210,4303,767,3536,0.178247734,347,1857,1271,828,91.9358587
"204",204,204,"Gibsonburg Exempted Village","Sandusky","Region 1",292.3333333,95.8,6.733333333,0,0,0,0,3438,341,3097,0.099185573,384,1374,1112,568,88.8307155
"205",205,205,"Goshen Local","Clermont","Region 13",694.5,94.25,14.125,0,14.875,16.875,31.75,11154,769,10385,0.068943877,1320,4535,3629,1670,88.1656805
"206",206,206,"Graham Local","Champaign","Region 6",572.3333333,94.66666667,11.3,0,14.86666667,12.4,27.26666667,7713,392,7321,0.050823285,650,3386,2414,1263,91.5726695
"207",207,207,"Grand Valley Local","Ashtabula","Region 5",355.3333333,93.86666667,14.43333333,0,3.333333333,0,3.333333333,6294,718,5576,0.114076899,1441,2497,1402,954,77.1051795
"208",208,208,"Granville Exempted Village","Licking","Region 11",606,95.55,5.7,0,0,0,0,7897,309,7588,0.039128783,57,1021,1797,5022,99.2782069
"209",209,209,"Green Local","Scioto","Region 15",190,92.4,21.46666667,0,0,0,0,2564,346,2218,0.134945398,278,932,776,578,89.1575663
"210",210,210,"Green Local","Summit","Region 8",800,95.32,7.4,0,8.88,34.4,43.28,17506,1294,16212,0.073917514,657,4835,5471,6543,96.247001
"211",211,211,"Green Local","Wayne","Region 9",344,95.66666667,7.933333333,0,0,4.666666667,4.666666667,4846,362,4484,0.074700784,402,2005,1268,1171,91.7044986
"212",212,212,"Greeneview Local","Greene","Region 10",424.6666667,94.76666667,10.03333333,0,13.66666667,25.83333333,39.5,6031,567,5464,0.09401426,489,2478,1793,1271,91.8918919
"213",213,213,"Greenfield Exempted Village","Highland","Region 14",426.75,95.05,9.475,0,6.75,0,6.75,8627,1750,6877,0.202851513,1504,3911,2198,1014,82.5663614
"214",214,214,"Greenfield Exempted Village","Ross","Region 14",203,95.2,11.6,0,0,0,0,8627,1750,6877,0.202851513,1504,3911,2198,1014,82.5663614
"215",215,215,"Greenon Local","Clark","Region 10",374.5,94.15,13.625,0,7,0,7,8666,533,8133,0.061504731,478,2671,3448,2069,94.4841911
"216",216,216,"Greenville City","Darke","Region 10",834.3333333,93.36666667,15.9,0,43.33333333,55,98.33333333,15199,1674,13525,0.110138825,1584,6685,4392,2538,89.5782617
"217",217,217,"Groveport Madison Local","Franklin","Region 11",536.2727273,91.19090909,27.26363636,0,35.63636364,45.54545455,81.18181818,31606,3035,28571,0.096026071,3113,12378,9845,6270,90.1506043
"218",218,218,"Hamilton City","Butler","Region 13",824.9166667,91.275,24.80833333,2.358333333,120.9833333,0,123.3416667,39438,5368,34070,0.136112379,4873,16592,11532,6441,87.6438967
"219",219,219,"Hamilton Local","Franklin","Region 11",734.5,93.9,12.875,0,42.85,151.4,194.25,9938,1068,8870,0.107466291,1628,4389,2878,1043,83.6184343
"220",220,220,"Hardin-Houston Local","Shelby","Region 6",394.5,95.45,7.65,0,20.5,0,20.5,3098,159,2939,0.051323434,437,1362,873,426,85.8941252
"221",221,221,"Hardin Northern Local","Hardin","Region 6",197,95.45,6.65,0,0,0,0,1828,209,1619,0.114332604,78,965,529,256,95.7330416
"222",222,222,"Harrison Hills City","Harrison","Region 12",492,93.83333333,16.2,0,0,97,97,9171,1143,8028,0.124631992,1224,4281,2609,1057,86.6535819
"223",223,223,"Heath City","Licking","Region 11",410.25,94.35,13.6,0,6.3,11.25,17.55,7352,897,6455,0.122007617,645,2917,2260,1530,91.226877
"224",224,224,"Hicksville Exempted Village","Defiance","Region 1",451,95.25,9.15,0,0,0,0,3434,167,3267,0.048631334,403,1497,945,589,88.2644147
"225",225,225,"Highland Local","Medina","Region 8",645,95.78,6,0,2.1,0,2.1,13041,553,12488,0.042404724,498,2880,3944,5719,96.1812744
"226",226,226,"Highland Local","Morrow","Region 7",600.6666667,94.33333333,11.2,0,3.666666667,4.666666667,8.333333333,7024,472,6552,0.067198178,800,3073,2228,923,88.6104784
"227",227,227,"Hilliard City","Franklin","Region 11",710.5,96.12727273,5.586363636,0,13.75454545,13.31818182,27.07272727,63392,3682,59710,0.058083039,2835,10937,16343,33277,95.5278269
"228",228,228,"Hillsboro City","Highland","Region 14",462.4,93.66,16.78,0,36.8,43,79.8,11001,1848,9153,0.167984729,1606,4791,2664,1940,85.4013272
"229",229,229,"Hillsdale Local","Ashland","Region 7",257,95.66666667,6.866666667,0,0,0,0,4363,323,4040,0.07403163,350,1799,1324,890,91.9779968
"230",230,230,"Holgate Local","Henry","Region 1",213.5,96.5,3.05,0,0,0,0,1531,67,1464,0.043762247,133,626,501,271,91.3128674
"231",231,231,"Hopewell-Loudon Local","Seneca","Region 7",394.5,96.15,5.4,0,0,5.5,5.5,2875,193,2682,0.067130435,185,1054,892,744,93.5652174
"232",232,232,"Howland Local","Trumbull","Region 5",423.5,94.03333333,14.4,0,17.7,0,17.7,15839,1676,14163,0.105814761,1105,6427,4105,4202,93.0235495
"233",233,233,"Hubbard Exempted Village","Trumbull","Region 5",633.6666667,94.26666667,12.5,0,6,0,6,9657,837,8820,0.08667288,494,4129,2851,2183,94.8845397
"234",234,234,"Huber Heights City","Montgomery","Region 10",803.8571429,94.27142857,13.37142857,0,19.34285714,0,19.34285714,27915,2356,25559,0.084399069,2097,8009,10837,6972,92.4879097
"235",235,235,"Hudson City","Summit","Region 8",762.5,96.15,4.666666667,0,0,2.333333333,2.333333333,16658,343,16315,0.020590707,254,1745,2938,11721,98.4752071
"236",236,236,"Huntington Local","Ross","Region 15",349,92.7,20.13333333,0,19.33333333,0,19.33333333,4271,1039,3232,0.243268555,701,1831,1167,572,83.586982
"237",237,237,"Independence Local","Cuyahoga","Region 3",355.6666667,95.9,6,0,0,0,0,5154,124,5030,0.024058983,147,1283,1215,2509,97.1478463
"238",238,238,"Indian Creek Local","Jefferson","Region 12",402.4,91.26,33.34,0,7.8,0,7.8,13711,1140,12571,0.08314492,882,5672,4353,2804,93.5672088
"239",239,239,"Indian Hill Exempted Village","Hamilton","Region 13",500.75,95.8,5.6,0,0,6.25,6.25,8833,329,8504,0.037246689,201,576,1373,6683,97.7244424
"240",240,240,"Indian Lake Local","Logan","Region 6",477,95.63333333,8.033333333,0,0,7,7,8551,1057,7494,0.123611274,795,4167,2348,1241,90.7028418
"241",241,241,"Indian Valley Local","Tuscarawas","Region 12",430,94.85,10.6,0,16,0,16,7612,717,6895,0.094193379,851,3980,1844,937,88.8202838
"242",242,242,"Jackson-Milton Local","Mahoning","Region 5",249.3333333,93.96666667,16.53333333,0,0,0,0,4544,337,4207,0.074163732,347,2259,1158,780,92.3635563
"243",243,243,"Jackson Center Local","Shelby","Region 6",255,95.9,9.3,0,0,0,0,1754,67,1687,0.038198404,114,862,425,353,93.5005701
"244",244,244,"Jackson City","Jackson","Region 16",464.4,93.72,14.74,0,9.6,0,9.6,10974,1789,9185,0.163021688,1348,4395,3434,1797,87.7164206
"245",245,245,"Jackson Local","Stark","Region 9",971.8333333,95.96666667,5.366666667,0,15.46666667,0,15.46666667,26890,1219,25671,0.045332837,823,6638,8061,11368,96.9393827
"246",246,246,"Jefferson Area Local","Ashtabula","Region 5",413,94.575,10.275,0,11.75,4.375,16.125,7394,1058,6336,0.143088991,829,3277,2252,1036,88.7882067
"247",247,247,"Jefferson Local","Madison","Region 11",380.3333333,94.4,12.9,0,9.333333333,0,9.333333333,5133,315,4818,0.061367621,525,2338,1352,918,89.7720631
"248",248,248,"Jefferson Township Local","Montgomery","Region 10",169,92.4,25.7,0,26,0,26,4712,538,4174,0.11417657,780,1660,1462,810,83.4465195
"249",249,249,"Jennings Local","Putnam","Region 1",186.5,96.95,1.9,0,0,0,0,1203,38,1165,0.031587697,20,504,441,238,98.3374896
"250",250,250,"Johnstown-Monroe Local","Licking","Region 11",556,94.26666667,12.33333333,0,4.333333333,13.66666667,18,6717,359,6358,0.053446479,367,2452,1820,2078,94.5362513
"251",251,251,"Jonathan Alder Local","Madison","Region 11",431.2,94.82,8.16,0,3,2,5,7858,436,7422,0.055484856,761,2750,1986,2361,90.3156019
"252",252,252,"Joseph Badger Local","Trumbull","Region 5",228,94.36666667,13.26666667,0,0,0,0,4614,451,4163,0.09774599,402,2191,1168,853,91.2873862
"253",253,253,"Kalida Local","Putnam","Region 1",294.5,97.05,2.05,0,0,0,0,2419,64,2355,0.026457214,92,918,741,668,96.1967755
"254",254,254,"Kenston Local","Geauga","Region 4",657.25,95.85,4.85,0,0,4,4,12570,443,12127,0.035242641,322,2069,2719,7460,97.4383453
"255",255,255,"Kent City","Portage","Region 8",542,94.38333333,13.13333333,0,15.25,21.13333333,36.38333333,17067,2213,14854,0.129665436,946,3522,4862,7737,94.4571395
"256",256,256,"Kenton City","Hardin","Region 6",600,93.56666667,18.7,0,28.93333333,51.16666667,80.1,7631,1017,6614,0.133272179,752,3892,1866,1121,90.1454593
"257",257,257,"Keystone Local","Lorain","Region 2",483.3333333,94.53333333,10.53333333,0,5,0,5,7959,245,7714,0.030782762,451,3090,3045,1373,94.333459
"258",258,258,"Kings Local","Warren","Region 13",737.8333333,95.5,7.866666667,0,4,0,4,19379,601,18778,0.031012952,659,3919,4277,10524,96.5994117
"259",259,259,"Kirtland Local","Lake","Region 4",394.6666667,96.1,3.8,0,0,0,0,5331,195,5136,0.036578503,233,1132,1581,2385,95.6293378
"260",260,260,"LaBrae Local","Trumbull","Region 5",269.75,93.875,14.95,0,5.5,2.5,8,5476,770,4706,0.140613587,695,2910,1246,625,87.3082542
"261",261,261,"Lake Local","Stark","Region 9",1112.666667,95.83333333,4.533333333,0,13.16666667,46.83333333,60,13940,649,13291,0.046556671,817,4288,4440,4395,94.1391679
"262",262,262,"Lake Local","Wood","Region 1",533,94.73333333,11.03333333,0,0,16.66666667,16.66666667,8162,672,7490,0.082332762,663,3338,2368,1793,91.8769909
"263",263,263,"Lakeview Local","Trumbull","Region 5",541,94.86666667,9.433333333,0,11.33333333,0,11.33333333,9057,843,8214,0.093077178,562,3276,2430,2789,93.7948548
"264",264,264,"Lakewood City","Cuyahoga","Region 3",485.4,95.28,8.67,0,10.76,0,10.76,36409,4107,32302,0.11280178,2152,6981,10298,16978,94.0893735
"265",265,265,"Lakewood Local","Licking","Region 11",449.5,93.85,15,0,3.375,61.75,65.125,10694,761,9933,0.071161399,1244,4087,3407,1956,88.3673088
"266",266,266,"Lakota Local","Butler","Region 13",779.1,95.905,6.405,0,6.325,13.45,19.775,65162,3047,62115,0.046760382,3231,11960,15996,33975,95.0415887
"267",267,267,"Lakota Local","Sandusky","Region 1",261,94.2,14.9,0,20.8,90,110.8,4372,318,4054,0.07273559,273,2172,1425,502,93.7557182
"268",268,268,"Lakota Local","Seneca","Region 1",354,95.4,10,0,0,26,26,4372,318,4054,0.07273559,273,2172,1425,502,93.7557182
"269",269,269,"Lakota Local","Wood","Region 1",391,95.9,5.2,0,0,0,0,4372,318,4054,0.07273559,273,2172,1425,502,93.7557182
"270",270,270,"Lancaster City","Fairfield","Region 11",776.625,93.725,15.875,0,56.2125,41.4125,97.625,31977,4295,27682,0.134315289,3044,12569,10171,6193,90.480658
"271",271,271,"Lebanon City","Warren","Region 13",1057.6,95.52,8.6,0,12.96,2.7,15.66,21882,1204,20678,0.055022393,1148,6844,6705,7185,94.7536788
"272",272,272,"Leetonia Exempted Village","Columbiana","Region 5",205,92.16666667,25.73333333,0,0,0,0,3502,419,3083,0.119645917,384,1748,927,443,89.0348372
"273",273,273,"Leipsic Local","Putnam","Region 1",310,95.95,7.5,0,7,15,22,2242,265,1977,0.118198037,382,926,633,301,82.9616414
"274",274,274,"Lexington Local","Richland","Region 7",472.4,95.2,8.3,0,8.6,0,8.6,11616,917,10699,0.078942837,761,3521,3509,3825,93.4486915
"275",275,275,"Liberty-Benton Local","Hancock","Region 1",479.6666667,96.6,3.2,0,0,10.16666667,10.16666667,4858,233,4625,0.047962124,311,1305,1444,1798,93.5981886
"276",276,276,"Liberty Center Local","Henry","Region 1",339.6666667,94.96666667,8.733333333,0,0,0,0,4008,220,3788,0.05489022,210,1744,1531,523,94.760479
"277",277,277,"Liberty Local","Trumbull","Region 5",411.3333333,91.7,27.7,0,28.6,194,222.6,8019,791,7228,0.098640728,610,2786,2478,2145,92.3930665
"278",278,278,"Liberty Union-Thurston Local","Fairfield","Region 11",407.6666667,94.8,11.16666667,0,6,0,6,4736,470,4266,0.099239865,294,1934,1492,1016,93.7922297
"279",279,279,"Licking Heights Local","Licking","Region 11",883,94.86,10.96,0,34.4,44.6,79,17266,1270,15996,0.073554964,1254,4063,5865,6084,92.7371713
"280",280,280,"Licking Valley Local","Licking","Region 11",664.6666667,94.53333333,11.83333333,0,5.666666667,17.33333333,23,7255,506,6749,0.069745003,641,2972,2343,1299,91.164714
"281",281,281,"Lima City","Allen","Region 6",403.4444444,91.75555556,26.2,0,28.08888889,91.33333333,119.4222222,18346,3613,14733,0.196936662,2524,7673,5900,2249,86.2422326
"282",282,282,"Lincolnview Local","Van Wert","Region 1",412.5,95.95,5.15,0,0,0,0,2860,134,2726,0.046853147,137,1322,948,453,95.2097902
"283",283,283,"Lisbon Exempted Village","Columbiana","Region 5",427.5,92.5,22,0,0,5,5,3981,597,3384,0.149962321,417,1824,1270,470,89.5252449
"284",284,284,"Little Miami Local","Warren","Region 13",767.6666667,95.8,5.583333333,0,0,0,0,21354,832,20522,0.038962255,1166,5288,6271,8629,94.5396647
"285",285,285,"Lockland Local","Hamilton","Region 13",180.3333333,88.36666667,38.23333333,0,53.73333333,0,53.73333333,2749,771,1978,0.280465624,659,1305,629,156,76.0276464
"286",286,286,"Logan-Hocking Local","Hocking","Region 16",536.7142857,93.82857143,14.58571429,0,9.571428571,0,9.571428571,16393,1815,14578,0.110717989,1659,6929,5088,2717,89.8798268
"287",287,287,"Logan Elm Local","Hocking","Region 11",254,93.7,16.3,0,0,0,0,9242,892,8350,0.096515906,824,4665,2141,1612,91.0841809
"288",288,288,"Logan Elm Local","Pickaway","Region 11",291.4,94.78,9.86,0,15.96,0,15.96,9242,892,8350,0.096515906,824,4665,2141,1612,91.0841809
"289",289,289,"London City","Madison","Region 11",698.6666667,93.36666667,18.5,0,29.16666667,58.16666667,87.33333333,9956,909,9047,0.091301728,1015,4069,3066,1806,89.8051426
"290",290,290,"Lorain City","Lorain","Region 2",426,88.22,40.17333333,0,86.3,0,86.3,34157,7423,26734,0.217320022,6615,12235,11655,3652,80.6335451
"291",291,291,"Lordstown Local","Trumbull","Region 5",237,93.3,17.5,0,0,0,0,2419,210,2209,0.086812733,261,1142,623,393,89.2104175
"292",292,292,"Loudonville-Perrysville Exempted Village","Ashland","Region 7",252.25,95.05,10.3,0,0,17,17,5244,621,4623,0.118421053,819,2108,1349,968,84.382151
"293",293,293,"Louisville City","Stark","Region 9",696.5,94.875,9.775,0,0,0,0,12695,877,11818,0.069082316,627,5195,4075,2798,95.0610477
"294",294,294,"Loveland City","Clermont","Region 13",381,95.2,9.1,0,0,0,0,18290,1097,17193,0.05997813,591,3608,4133,9958,96.7687261
"295",295,295,"Loveland City","Hamilton","Region 13",809.4,95.58,6.94,0,8.98,9.9,18.88,18290,1097,17193,0.05997813,591,3608,4133,9958,96.7687261
"296",296,296,"Lowellville Local","Mahoning","Region 5",247,93.35,16.55,0,0,0,0,1513,131,1382,0.086582948,147,673,428,265,90.2842036
"297",297,297,"Lucas Local","Richland","Region 7",163,95.5,6.533333333,0,0,0,0,2332,91,2241,0.039022298,172,1098,651,411,92.6243568
"298",298,298,"Lynchburg-Clay Local","Highland","Region 14",372.3333333,94.9,9.266666667,0,18,18.33333333,36.33333333,3903,492,3411,0.126056879,281,1861,1224,537,92.8004099
"299",299,299,"Mad River Local","Montgomery","Region 10",533.4285714,93.81428571,16.57142857,0,29.81428571,0,29.81428571,14386,1844,12542,0.128180175,1841,4303,4968,3274,87.2028361
"300",300,300,"Madeira City","Hamilton","Region 13",491.6666667,96.1,4.266666667,0,0,3.333333333,3.333333333,6148,147,6001,0.023910215,100,781,851,4416,98.3734548
"301",301,301,"Madison-Plains Local","Madison","Region 11",293,93.65,15.275,0,0,0,0,5630,431,5199,0.076554174,583,2433,1546,1068,89.6447602
"302",302,302,"Madison Local","Butler","Region 13",481.6666667,94.7,11.16666667,0,0,0,0,5958,426,5532,0.071500504,471,2697,1805,985,92.0946626
"303",303,303,"Madison Local","Lake","Region 4",697.25,94.85,10.9,0,46,79.75,125.75,12605,1021,11584,0.080999603,1149,4660,4529,2267,90.8845696
"304",304,304,"Madison Local","Richland","Region 7",587,94.36,12.82,0,36.4,108.6,145,15005,2019,12986,0.134555148,1789,6964,4285,1967,88.0773076
"305",305,305,"Manchester Local","Adams","Region 14",416.5,93.4,16,0,67.5,0,67.5,3306,694,2612,0.209921355,834,1329,705,438,74.7731397
"306",306,306,"Manchester Local","Summit","Region 8",429.6666667,95.3,8.333333333,0,0,0,0,6611,221,6390,0.033429133,417,2228,2304,1662,93.692331
"307",307,307,"Mansfield City","Richland","Region 7",410.75,92.575,22.475,2.0375,70.675,95.6125,168.325,21247,4000,17247,0.188261872,3236,8800,6207,3004,84.7696145
"308",308,308,"Maple Heights City","Cuyahoga","Region 3",711.8,90.14,37.04,0,122.74,85.6,208.34,15071,2379,12692,0.15785283,1614,5716,5527,2214,89.2906907
"309",309,309,"Mapleton Local","Ashland","Region 7",295.6666667,94.43333333,12.13333333,0,0,0,0,4799,425,4374,0.088560117,471,2668,1093,567,90.1854553
"310",310,310,"Maplewood Local","Trumbull","Region 5",339.5,94.8,9,0,6.5,0,6.5,3864,335,3529,0.086697723,416,2039,838,571,89.2339545
"311",311,311,"Margaretta Local","Erie","Region 2",573.5,95.55,6.45,0,6.5,0,6.5,5398,480,4918,0.088921823,359,2632,1426,981,93.3493887
"312",312,312,"Mariemont City","Hamilton","Region 13",404,95.175,7.425,0,3.125,0,3.125,5741,294,5447,0.05121059,149,663,1326,3603,97.4046333
"313",313,313,"Marietta City","Washington","Region 16",417.8333333,94.48333333,12.18333333,0,8.333333333,46.33333333,54.66666667,15862,2532,13330,0.159626781,1163,5478,5084,4137,92.6680116
"314",314,314,"Marion City","Marion","Region 7",557,91.2625,25.4625,0,43.05,82,125.05,19047,3291,15756,0.172783115,2802,8888,5543,1814,85.2890219
"315",315,315,"Marion Local","Mercer","Region 6",418.5,97.85,0.8,0,0,0,0,2388,80,2308,0.033500838,189,1149,613,437,92.0854271
"316",316,316,"Marlington Local","Stark","Region 9",416.6,94.66,10.92,0,2.4,16.2,18.6,10875,874,10001,0.080367816,825,4577,3419,2054,92.4137931
"317",317,317,"Martins Ferry City","Belmont","Region 12",488.6666667,92.6,21.46666667,0,29.33333333,0,29.33333333,7527,785,6742,0.104291218,695,3342,2419,1071,90.7665737
"318",318,318,"Marysville Exempted Village","Union","Region 11",556.2222222,95.3,8.455555556,0,7.388888889,6.388888889,13.77777778,20109,1268,18841,0.063056343,831,6571,5547,7160,95.867522
"319",319,319,"Mason City","Warren","Region 13",2019.2,95.94,6.44,0,8,22.4,30.4,34401,784,33617,0.022790035,981,5330,6001,22089,97.1483387
"320",320,320,"Massillon City","Stark","Region 9",627.8333333,92.83333333,19.73333333,0,25.08333333,81.66666667,106.75,19404,3029,16375,0.156101835,2137,8497,6087,2683,88.9868068
"321",321,321,"Mathews Local","Trumbull","Region 5",159,94.2,13.6,0,4.75,0,4.75,5274,461,4813,0.087409936,385,2354,1321,1214,92.7000379
"322",322,322,"Maumee City","Lucas","Region 1",435,95.88,6.22,0,0,12.2,12.2,12719,1006,11713,0.079094268,593,3343,4717,4066,95.3376838
"323",323,323,"Mayfield City","Cuyahoga","Region 3",682.3333333,95.05,9.066666667,0,17.33333333,35.16666667,52.5,23906,1581,22325,0.066134025,1155,5626,5742,11383,95.1685769
"324",324,324,"Maysville Local","Muskingum","Region 12",489.4,91.98,27.96,0,11,27.9,38.9,7453,765,6688,0.102643231,1067,3570,1938,878,85.6836173
"325",325,325,"McComb Local","Hancock","Region 1",222.6666667,95.46666667,7.4,0,0,0,0,2588,186,2402,0.07187017,214,1199,749,426,91.7310665
"326",326,326,"McDonald Local","Trumbull","Region 5",383,95.3,6.85,0,0,0,0,2697,190,2507,0.070448647,229,1121,870,477,91.5090842
"327",327,327,"Mechanicsburg Exempted Village","Champaign","Region 6",271.6666667,95.3,7.833333333,0,4.166666667,10.66666667,14.83333333,3044,198,2846,0.065045992,333,1379,848,484,89.0604468
"328",328,328,"Meigs Local","Meigs","Region 16",431.5,92,24.85,0,2.75,61,63.75,8246,1784,6462,0.21634732,1457,3332,2336,1121,82.3308271
"329",329,329,"Mentor Exempted Village","Lake","Region 4",764.7,95.59,7.48,0,16.58,7.6,24.18,44123,2188,41935,0.04958865,2924,12985,14213,14001,93.3730707
"330",330,330,"Miami East Local","Miami","Region 10",425.6666667,96.6,3.3,0,3.333333333,0,3.333333333,4691,297,4394,0.063312726,322,1733,1397,1239,93.1357919
"331",331,331,"Miami Trace Local","Fayette","Region 14",819.6666667,94,16.06666667,0,24,108.3333333,132.3333333,10435,1118,9317,0.107139435,1475,4724,2662,1574,85.8648778
"332",332,332,"Miamisburg City","Montgomery","Region 10",545.5555556,95.13333333,10.08888889,0,15,0,15,26791,2459,24332,0.091784555,2224,7366,8743,8458,91.6987048
"333",333,333,"Middletown City","Butler","Region 13",591.2,92.78,21.45,0,36.31111111,12.77777778,49.08888889,32469,5971,26498,0.183898488,5062,13078,9142,5187,84.4097447
"334",334,334,"Midview Local","Lorain","Region 2",577.4,94.08,14.44,0,20,0,20,14493,951,13542,0.065617884,1149,4954,5301,3089,92.0720348
"335",335,335,"Milford Exempted Village","Clermont","Region 13",770.375,95.4625,7.7125,0,4.025,0,4.025,29597,1304,28293,0.044058519,1598,7535,8679,11785,94.6008041
"336",336,336,"Millcreek-West Unity Local","Williams","Region 1",252,95.75,6.6,0,0,0,0,2300,290,2010,0.126086957,183,1093,784,240,92.0434783
"337",337,337,"Miller City-New Cleveland Local","Putnam","Region 1",159.6666667,97.1,2.533333333,0,0,0,0,1372,40,1332,0.029154519,38,664,386,284,97.2303207
"338",338,338,"Milton-Union Exempted Village","Miami","Region 10",457.6666667,94.26666667,13.06666667,0,0,11.33333333,11.33333333,7610,495,7115,0.065045992,923,3216,2240,1231,87.8712221
"339",339,339,"Minerva Local","Stark","Region 9",609.6666667,94.5,12.1,0,0,24.66666667,24.66666667,8119,644,7475,0.079320113,884,3837,2336,1062,89.1119596
"340",340,340,"Minford Local","Scioto","Region 15",442.6666667,93.9,14.9,0,8.333333333,17.16666667,25.5,5185,694,4491,0.133847637,515,2168,1687,815,90.0675024
"341",341,341,"Minster Local","Auglaize","Region 6",416.5,96.6,2.55,0,0,0,0,2805,70,2735,0.024955437,102,1027,685,991,96.3636364
"342",342,342,"Mississinawa Valley Local","Darke","Region 10",317.5,95.2,11.8,0,0,0,0,2406,375,2031,0.155860349,309,1377,558,162,87.1571072
"343",343,343,"Mogadore Local","Summit","Region 8",286,94.5,11.06666667,0,0,67.33333333,67.33333333,2543,160,2383,0.062917814,199,1165,582,597,92.1745969
"344",344,344,"Mohawk Local","Wyandot","Region 7",454,96.35,4.65,0,0,0,0,3971,255,3716,0.064215563,323,1840,937,871,91.8660287
"345",345,345,"Monroe Local","Butler","Region 13",681.75,94.875,9.625,0,3.5,9.25,12.75,9268,230,9038,0.024816573,472,2802,3204,2790,94.9072076
"346",346,346,"Monroeville Local","Huron","Region 2",292.5,96,3.45,0,0,0,0,2705,171,2534,0.063216266,106,1524,677,398,96.0813309
"347",347,347,"Montpelier Exempted Village","Williams","Region 1",439.5,94.55,13.9,0,0,32.5,32.5,4088,514,3574,0.125733855,534,1817,1189,548,86.9373777
"348",348,348,"Morgan Local","Morgan","Region 12",352.6,94.4,12.92,0,6.6,27,33.6,9924,1629,8295,0.164147521,1467,4343,3169,945,85.2176542
"349",349,349,"Mount Gilead Exempted Village","Morrow","Region 7",379,94.66666667,11.36666667,0,4.766666667,6.166666667,10.93333333,5157,283,4874,0.054876866,311,2194,1726,926,93.969362
"350",350,350,"Mount Vernon City","Knox","Region 7",459.25,95.1125,9.8,0,4.6875,5.125,9.8125,19938,2328,17610,0.116761962,1698,7920,5178,5142,91.4835992
"351",351,351,"Napoleon Area City","Henry","Region 1",960,95.6,6.6,0,0,19.5,19.5,9342,749,8593,0.080175551,569,4299,2957,1517,93.9092271
"352",352,352,"National Trail Local","Preble","Region 10",321.6666667,94.8,12.33333333,0,11.83333333,17.73333333,29.56666667,4619,454,4165,0.098289673,569,2090,1297,663,87.6813163
"353",353,353,"Nelsonville-York City","Athens","Region 16",399,92.83333333,18.8,0,0,0,0,5596,1316,4280,0.235167977,692,2554,1798,552,87.6340243
"354",354,354,"New Albany-Plain Local","Franklin","Region 11",986.2,96.08,4.3,0,0,0,0,14959,319,14640,0.021324955,229,1499,2366,10865,98.469149
"355",355,355,"New Boston Local","Scioto","Region 15",138,93.93333333,14.63333333,0,25.5,4,29.5,1637,519,1118,0.317043372,369,692,379,197,77.458766
"356",356,356,"New Bremen Local","Auglaize","Region 6",369.5,96.9,2.25,0,0,0,0,3287,110,3177,0.033465166,81,1070,993,1143,97.5357469
"357",357,357,"New Knoxville Local","Auglaize","Region 6",192.5,96.9,2.3,0,0,0,0,1336,90,1246,0.067365269,61,503,393,379,95.4341317
"358",358,358,"New Lebanon Local","Montgomery","Region 10",368,95.16666667,10.6,0,0,0,0,4674,617,4057,0.132006846,530,1997,1735,412,88.6606761
"359",359,359,"New London Local","Huron","Region 2",289,94.96666667,10.63333333,0,0,0,0,4045,593,3452,0.146600742,507,1850,1181,507,87.4660074
"360",360,360,"New Miami Local","Butler","Region 13",217.6666667,89.86666667,36.33333333,0,12.66666667,0,12.66666667,3050,314,2736,0.10295082,695,1690,507,158,77.2131148
"361",361,361,"New Philadelphia City","Tuscarawas","Region 12",443.7142857,94.72857143,10.87142857,0,7.857142857,11.71428571,19.57142857,15205,1957,13248,0.128707662,1869,6550,3885,2901,87.7079908
"362",362,362,"New Richmond Exempted Village","Clermont","Region 13",460.4,94.38,12.38,0,7.86,25.1,32.96,9804,977,8827,0.099653203,1017,3126,2503,3158,89.626683
"363",363,363,"New Riegel Local","Seneca","Region 7",196,96.45,3.9,0,0,0,0,1256,20,1236,0.015923567,74,641,355,186,94.1082803
"364",364,364,"Newark City","Licking","Region 11",537.75,91.96666667,21.03333333,0,62.4,126.9166667,189.3166667,32741,4800,27941,0.146605174,3553,12294,10493,6401,89.1481629
"365",365,365,"Newbury Local","Geauga","Region 4",166,95.35,9.75,0,0,5,5,4118,98,4020,0.02379796,322,1391,1123,1282,92.1806702
"366",366,366,"Newcomerstown Exempted Village","Tuscarawas","Region 12",243.5,93.7,15.975,0,6.25,7.75,14,4296,605,3691,0.140828678,578,2546,702,470,86.5456238
"367",367,367,"Newton Falls Exempted Village","Trumbull","Region 5",240.25,92.6,20.525,0,0,13.5,13.5,5967,602,5365,0.100888219,593,3098,1549,727,90.0620077
"368",368,368,"Newton Local","Miami","Region 10",294,96,3.15,0,0,0,0,2307,171,2136,0.074122237,234,1077,590,406,89.8569571
"369",369,369,"Niles City","Trumbull","Region 5",552.5,91.25,29.25,0,45.9,13.875,59.775,12754,1794,10960,0.140661753,1508,5851,3373,2022,88.1762584
"370",370,370,"Noble Local","Noble","Region 12",421.5,93.1,18.25,0,0,0,0,4485,487,3998,0.108584169,514,2445,1073,453,88.5395764
"371",371,371,"Nordonia Hills City","Summit","Region 8",587.1666667,96.03333333,5.183333333,0,0,0,0,23827,553,23274,0.023208965,1028,5880,7041,9878,95.6855668
"372",372,372,"North Baltimore Local","Wood","Region 1",201.3333333,95.53333333,9,0,3.333333333,0,3.333333333,2859,275,2584,0.096187478,428,1272,799,360,85.0297307
"373",373,373,"North Canton City","Stark","Region 9",689,95.7,6.283333333,0,6.833333333,6,12.83333333,20138,1006,19132,0.049955308,511,5755,6360,7512,97.4625087
"374",374,374,"North Central Local","Williams","Region 1",287.5,96.05,4.2,0,0,0,0,3005,252,2753,0.083860233,411,1224,846,524,86.3227953
"375",375,375,"North College Hill City","Hamilton","Region 13",518.3333333,88.46666667,39.4,0,178.1666667,0,178.1666667,7131,883,6248,0.12382555,763,2634,2341,1393,89.3002384
"376",376,376,"North Fork Local","Licking","Region 11",388,94.55,12.625,0,11.375,10.5,21.875,7207,731,6476,0.101429166,693,3343,2128,1043,90.3843486
"377",377,377,"North Olmsted City","Cuyahoga","Region 3",464.375,94.575,11.125,0,24,47.3125,71.3125,22463,2089,20374,0.092997373,1581,6670,7239,6973,92.9617593
"378",378,378,"North Ridgeville City","Lorain","Region 2",865.8,94.88,9.88,0,18.38,0,18.38,23717,1121,22596,0.047265674,1669,6668,7694,7686,92.9628536
"379",379,379,"North Royalton City","Cuyahoga","Region 3",786.2,95.98,5.22,0,16.34,19.3,35.64,26419,1147,25272,0.043415724,1341,6152,7761,11165,94.9241076
"380",380,380,"Northeastern Local","Clark","Region 10",444.2857143,94.68571429,12.05714286,0,1.928571429,5.285714286,7.214285714,16235,905,15330,0.055743763,1024,5834,5412,3965,93.6926394
"381",381,381,"Northeastern Local","Defiance","Region 1",267.5,95.775,6.35,0,0,0,0,4531,223,4308,0.049216508,249,1840,1561,881,94.5045244
"382",382,382,"Northern Local","Perry","Region 12",438.6,95,8.96,0,0,0,0,9508,987,8521,0.10380732,907,4119,2686,1796,90.4606647
"383",383,383,"Northmont City","Montgomery","Region 10",616.375,96.0125,6.3625,0,30.7125,0,30.7125,24393,1514,22879,0.062066986,1391,6950,8542,7510,94.2975444
"384",384,384,"Northmor Local","Morrow","Region 7",523,94.65,11.75,0,9.5,0,9.5,5778,612,5166,0.105919003,1056,2475,1540,707,81.7237799
"385",385,385,"Northridge Local","Licking","Region 11",280.5,94.85,9.85,0,0,14.375,14.375,6809,204,6605,0.029960347,500,2289,2292,1728,92.6567778
"386",386,386,"Northridge Local","Montgomery","Region 10",386.25,91.4,32.325,0,46.875,20.75,67.625,6672,1522,5150,0.228117506,1403,2698,2038,533,78.9718225
"387",387,387,"Northwest Local","Hamilton","Region 13",836.3,93.3,17.67,1,170.87,1.23,173.1,51927,3039,48888,0.058524467,3672,17209,16272,14774,92.9285343
"388",388,388,"Northwest Local","Scioto","Region 15",443.6666667,93,18.56666667,0,6,11.33333333,17.33333333,6111,969,5142,0.158566519,1103,3008,1415,585,81.9505809
"389",389,389,"Northwest Local","Stark","Region 9",448.25,99.5,0.025,0,3,6.25,9.25,9709,482,9227,0.04964466,456,3165,3620,2468,95.3033268
"390",390,390,"Norton City","Summit","Region 8",618,94.05,13.975,0,7.125,23.95,31.075,10057,597,9460,0.059361639,661,3694,3029,2673,93.4274635
"391",391,391,"Norwalk City","Huron","Region 2",445.8333333,94.26666667,14.48333333,0,0,0,0,12688,1535,11153,0.120980454,1540,5305,3567,2276,87.8625473
"392",392,392,"Norwayne Local","Wayne","Region 9",469,95.56666667,7.133333333,0,0,11.33333333,11.33333333,5313,296,5017,0.055712404,379,2697,1410,827,92.8665537
"393",393,393,"Norwood City","Hamilton","Region 13",315.3333333,91.58333333,25.66666667,0,51.25,32.33333333,83.58333333,13251,2013,11238,0.151913063,1686,3869,3490,4206,87.276432
"394",394,394,"Oak Hill Union Local","Jackson","Region 16",581,93.1,19.65,0,5,8.5,13.5,4759,568,4191,0.119352805,796,2237,1114,612,83.273797
"395",395,395,"Oak Hills Local","Hamilton","Region 13",821.8888889,94.2,13.47777778,0,53.31111111,0,53.31111111,44119,2249,41870,0.05097577,2400,14000,12857,14862,94.5601668
"396",396,396,"Oakwood City","Montgomery","Region 10",406.8,96.24,3.32,0,0,0,0,6170,314,5856,0.05089141,76,423,1406,4265,98.7682334
"397",397,397,"Old Fort Local","Seneca","Region 7",308,96.15,4.7,0,0,0,0,2342,164,2178,0.070025619,147,927,777,491,93.7233134
"398",398,398,"Olentangy Local","Delaware","Region 11",858.4166667,96.09166667,4.595833333,0,1.970833333,1.8125,3.783333333,54589,1553,53036,0.028448955,1099,6176,10963,36351,97.9867739
"399",399,399,"Olmsted Falls City","Cuyahoga","Region 3",709.8,95.28,8.54,0,17.8,0,17.8,16007,598,15409,0.037358656,464,4464,4708,6371,97.1012682
"400",400,400,"Ontario Local","Richland","Region 7",674.3333333,95.16666667,8.866666667,0,24.66666667,18.16666667,42.83333333,7841,263,7578,0.03354164,605,2506,2437,2293,92.2841474
"401",401,401,"Orange City","Cuyahoga","Region 3",648,95,9.566666667,0,5.666666667,8.666666667,14.33333333,10069,327,9742,0.032475916,118,853,1614,7484,98.8280862
"402",402,402,"Oregon City","Lucas","Region 1",590.5,94.5,10.85,0,7.666666667,38.66666667,46.33333333,16545,1387,15158,0.083831973,1437,6128,5529,3451,91.3145966
"403",403,403,"Orrville City","Wayne","Region 9",507,95.4,9.233333333,0,11.33333333,8.666666667,20,7254,652,6602,0.089881445,631,2809,1859,1955,91.301351
"404",404,404,"Osnaburg Local","Stark","Region 9",281,95.26666667,8.433333333,0,0,4.666666667,4.666666667,3980,207,3773,0.05201005,457,1820,1098,605,88.5175879
"405",405,405,"Otsego Local","Wood","Region 1",508.6666667,95.66666667,7.766666667,0,0,0,0,6881,440,6441,0.063944194,342,2305,2364,1870,95.0297922
"406",406,406,"Ottawa-Glandorf Local","Putnam","Region 1",496.3333333,96.63333333,3.9,0,4.833333333,0,4.833333333,5864,314,5550,0.053547067,564,1925,1841,1534,90.3819918
"407",407,407,"Ottawa Hills Local","Lucas","Region 1",491,96.5,2.9,0,0,0,0,2993,70,2923,0.023387905,50,216,390,2337,98.3294353
"408",408,408,"Ottoville Local","Putnam","Region 1",223,96.9,3,0,0,0,0,1762,43,1719,0.024404086,56,746,583,377,96.8217934
"409",409,409,"Painesville City Local","Lake","Region 4",553.2,92.9,20.88,0,59.3,37.2,96.5,9670,1627,8043,0.168252327,2045,3559,2841,1225,78.85212
"410",410,410,"Paint Valley Local","Ross","Region 15",281,93.6,15.46666667,0,30,0,30,3866,626,3240,0.16192447,343,1952,972,599,91.1277807
"411",411,411,"Pandora-Gilboa Local","Putnam","Region 1",171.3333333,96.26666667,3.733333333,0,0,0,0,2249,111,2138,0.049355269,75,930,659,585,96.6651845
"412",412,412,"Parkway Local","Mercer","Region 6",334,95.36666667,7,0,0,4,4,3902,334,3568,0.08559713,398,1906,1079,519,89.8001025
"413",413,413,"Parma City","Cuyahoga","Region 3",680.8571429,93.94285714,14.62142857,0,28.39285714,0,28.39285714,80253,5958,74295,0.074240215,6430,28461,26032,19330,91.9878385
"414",414,414,"Patrick Henry Local","Henry","Region 1",275.6666667,95.2,9.266666667,0,0,0,0,3492,207,3285,0.059278351,226,1589,942,735,93.5280641
"415",415,415,"Paulding Exempted Village","Paulding","Region 1",353.5,94.725,11.775,0,6,17.5,23.5,6554,684,5870,0.104363747,761,2976,1848,969,88.3887702
"416",416,416,"Perkins Local","Erie","Region 2",471.5,95.425,7.65,0,0,18.25,18.25,9779,409,9370,0.041824317,581,2994,3339,2865,94.0586972
"417",417,417,"Perry Local","Allen","Region 6",355.5,93.2,19.7,0,52,381.5,433.5,2688,340,2348,0.126488095,517,1198,812,161,80.766369
"418",418,418,"Perry Local","Lake","Region 4",536,94.93333333,9.766666667,0,8.333333333,0,8.333333333,6321,370,5951,0.058535042,499,2321,2028,1473,92.1056795
"419",419,419,"Perry Local","Stark","Region 9",575,95.5125,7.3875,0,7.475,38.4375,45.9125,21494,1409,20085,0.065553178,1626,9141,6876,3851,92.4350982
"420",420,420,"Perrysburg Exempted Village","Wood","Region 1",754.5714286,96.24285714,4.785714286,0,0,0,0,19365,681,18684,0.035166538,371,3379,5407,10208,98.0841725
"421",421,421,"Pettisville Local","Fulton","Region 1",262,95.9,4.95,0,0,0,0,1484,24,1460,0.016172507,139,552,435,358,90.6334232
"422",422,422,"Pickerington Local","Fairfield","Region 11",693.2666667,94.26666667,12.04,0,12.6,32.73333333,45.33333333,33169,1330,31839,0.040097682,1515,7292,10240,14122,95.4324821
"423",423,423,"Pike-Delta-York Local","Fulton","Region 1",399,94.9,9.233333333,0,0,4.433333333,4.433333333,5537,344,5193,0.062127506,354,2415,1893,875,93.6066462
"424",424,424,"Piqua City","Miami","Region 10",634.2,93.78,16.42,0,28.9,0,28.9,16102,1724,14378,0.107067445,1703,6758,5169,2472,89.4236741
"425",425,425,"Plain Local","Stark","Region 9",673.5555556,95.18888889,9.644444444,0,30.11111111,5.555555556,35.66666667,34130,3017,31113,0.088397304,2212,11421,10690,9807,93.5188983
"426",426,426,"Pleasant Local","Marion","Region 7",327,94.35,14.3,0,2.75,3.625,6.375,6150,500,5650,0.081300813,521,2270,2073,1286,91.5284553
"427",427,427,"Plymouth-Shiloh Local","Richland","Region 7",226,94.6,11.96666667,0,9.166666667,0,9.166666667,2752,268,2484,0.097383721,564,1311,666,211,79.505814
"428",428,428,"Poland Local","Mahoning","Region 5",454,94.625,9.775,0,3.5,0,3.5,11002,386,10616,0.03508453,384,2747,2970,4901,96.5097255
"429",429,429,"Port Clinton City","Ottawa","Region 1",413.5,95.025,9.05,0,0,4,4,9883,872,9011,0.088232318,888,3336,3359,2300,91.014874
"430",430,430,"Portsmouth City","Scioto","Region 15",556.3333333,93.36666667,19.73333333,0,30,0,30,13703,3951,9752,0.288331022,2241,5249,3980,2233,83.645917
"431",431,431,"Preble Shawnee Local","Preble","Region 10",458.3333333,94.3,12.76666667,0,14.33333333,0,14.33333333,6376,540,5836,0.084692597,680,2990,1843,863,89.3350063
"432",432,432,"Princeton City","Hamilton","Region 13",521.3636364,93.62727273,16.6,0,28.03636364,10,38.03636364,29428,3087,26341,0.104900095,2623,8087,7603,11115,91.0867201
"433",433,433,"Pymatuning Valley Local","Ashtabula","Region 5",376.6666667,93.96666667,13.33333333,0,13.33333333,0,13.33333333,5707,788,4919,0.138076047,880,2709,1418,700,84.5803399
"434",434,434,"Ravenna City","Portage","Region 8",357.1666667,93.08333333,19.31666667,0,30.3,87.08333333,117.3833333,14871,2189,12682,0.147199247,1280,6792,4192,2607,91.3926434
"435",435,435,"Reading Community City","Hamilton","Region 13",380.75,93.425,17.925,0,13.75,0,13.75,7366,753,6613,0.102226446,894,2721,2176,1575,87.863155
"436",436,436,"Revere Local","Summit","Region 8",665.5,96.3,4.5,0,0,0,0,13996,498,13498,0.035581595,379,2316,3112,8189,97.2920835
"437",437,437,"Reynoldsburg City","Franklin","Region 11",525.1,92.71,20.7,0,18.96,29.3,48.26,27177,1944,25233,0.071531074,2040,7600,9131,8406,92.4936527
"438",438,438,"Reynoldsburg City","Licking","Region 11",492.75,95.2,9.25,0,4.625,9.7,14.325,27177,1944,25233,0.071531074,2040,7600,9131,8406,92.4936527
"439",439,439,"Richmond Heights Local","Cuyahoga","Region 3",258,93.16666667,23.1,0,14.16666667,13.33333333,27.5,6824,700,6124,0.102579132,456,1787,2177,2404,93.3177022
"440",440,440,"Ridgedale Local","Marion","Region 7",317.5,93.9,15.45,0,6,0,6,3741,373,3368,0.099705961,391,1735,1101,514,89.5482491
"441",441,441,"Ridgemont Local","Hardin","Region 6",255.5,94.4,12.35,0,0,0,0,2261,301,1960,0.133126935,279,1204,474,304,87.6603273
"442",442,442,"Ridgewood Local","Coshocton","Region 12",421.6666667,95.6,5.433333333,0,0,0,0,5907,619,5288,0.104790926,776,2976,1502,653,86.8630438
"443",443,443,"Ripley-Union-Lewis-Huntington Local","Brown","Region 14",253.6666667,93.5,18.5,0,20.5,30.33333333,50.83333333,4797,739,4058,0.154054617,681,2100,1354,662,85.8036273
"444",444,444,"Rittman Exempted Village","Wayne","Region 9",320.3333333,95.33333333,8.966666667,0,4.666666667,0,4.666666667,4972,643,4329,0.129324216,616,2051,1403,902,87.6106195
"445",445,445,"River Valley Local","Marion","Region 7",487,95.1,10.5,0,0,0,0,8457,523,7934,0.061842261,488,3561,2971,1437,94.2296323
"446",446,446,"River View Local","Coshocton","Region 12",323,94.96666667,8.933333333,0,7.333333333,9.333333333,16.66666667,10961,1110,9851,0.101268132,1442,5299,2742,1478,86.844266
"447",447,447,"Riverdale Local","Hancock","Region 6",251.5,95.45,7,0,0,19,19,4011,274,3737,0.068312142,289,1974,1116,632,92.7948143
"448",448,448,"Riverside Local","Lake","Region 4",484.125,95.1125,9.2125,0,21.75,2.375,24.125,26186,1515,24671,0.057855343,1280,7962,8812,8132,95.1118919
"449",449,449,"Riverside Local","Logan","Region 6",303,94.95,9.4,0,0,8.5,8.5,2425,197,2228,0.081237113,292,1264,608,261,87.9587629
"450",450,450,"Rock Hill Local","Lawrence","Region 15",459.3333333,94.33333333,12.7,0,0,0,0,6736,1468,5268,0.217933492,1039,3482,1671,544,84.5754157
"451",451,451,"Rocky River City","Cuyahoga","Region 3",659.25,96.45,4.175,0,2.7,6.175,8.875,14894,779,14115,0.052302941,405,2287,3320,8882,97.2807842
"452",452,452,"Rolling Hills Local","Guernsey","Region 12",307,93.72,17.8,0,8.5,0,8.5,7538,1064,6474,0.141151499,977,3240,2188,1133,87.0390024
"453",453,453,"Rootstown Local","Portage","Region 8",378.3333333,94.53333333,13.66666667,0,4,0,4,5460,464,4996,0.084981685,318,2103,1396,1643,94.1758242
"454",454,454,"Ross Local","Butler","Region 13",649.5,95.45,8.925,0,11.45,15,26.45,10921,504,10417,0.04614962,857,4201,3180,2683,92.1527333
"455",455,455,"Rossford Exempted Village","Wood","Region 1",377,94.175,13.65,0,14.075,12.425,26.5,8928,701,8227,0.078517025,459,2716,3205,2548,94.858871
"456",456,456,"Russia Local","Shelby","Region 6",194,97.7,1.2,0,0,0,0,1132,32,1100,0.028268551,66,499,333,234,94.1696113
"457",457,457,"Salem City","Columbiana","Region 5",411.2,92.82,19.52,0,2.4,9.2,11.6,11418,1762,9656,0.154317744,1294,4583,3221,2320,88.667017
"458",458,458,"Sandusky City","Erie","Region 2",456,93.42857143,18.67142857,0,55.47142857,162.1428571,217.6142857,16458,2809,13649,0.170676874,2115,6402,5456,2485,87.1491068
"459",459,459,"Sandy Valley Local","Stark","Region 9",457.5,100,0,0,9,15,24,6281,651,5630,0.103645916,855,3136,1602,688,86.3875179
"460",460,460,"Sandy Valley Local","Tuscarawas","Region 9",390,97.7,4.1,0,42,44,86,6281,651,5630,0.103645916,855,3136,1602,688,86.3875179
"461",461,461,"Scioto Valley Local","Pike","Region 15",397.3333333,93.46666667,17.9,0,13.33333333,41.33333333,54.66666667,5536,1205,4331,0.217666185,1543,1984,1430,579,72.1278902
"462",462,462,"Sebring Local","Mahoning","Region 5",203,93.45,16.95,0,15,0,15,2813,359,2454,0.127621756,383,1351,679,400,86.3846427
"463",463,463,"Seneca East Local","Seneca","Region 7",287,96.2,3.766666667,0,0,39.66666667,39.66666667,3383,222,3161,0.065622229,183,1864,914,422,94.5906001
"464",464,464,"Shadyside Local","Belmont","Region 12",265.6666667,94.2,12.86666667,0,0,0,0,4037,219,3818,0.054248204,208,1717,1284,828,94.8476592
"465",465,465,"Shaker Heights City","Cuyahoga","Region 3",605.5,95.3625,8,0,30.6875,1.4375,32.125,21442,1801,19641,0.08399403,769,2427,4570,13676,96.4135808
"466",466,466,"Shawnee Local","Allen","Region 6",581.5,95.35,8.05,0,5.125,0,5.125,11279,570,10709,0.050536395,535,3326,3852,3566,95.2566717
"467",467,467,"Sheffield-Sheffield Lake City","Lorain","Region 2",327.8,94.08,13.76,0,8,68,76,9732,605,9127,0.06216605,756,3161,3500,2315,92.2318126
"468",468,468,"Shelby City","Richland","Region 7",443.5,95.375,8.425,0,6,4.25,10.25,8912,805,8107,0.090327648,1171,3852,2483,1406,86.8604129
"469",469,469,"Sidney City","Shelby","Region 6",520.3333333,94.33333333,14.65,0,20.91666667,5.333333333,26.25,16286,1707,14579,0.104813951,1948,6240,5143,2955,88.0388063
"470",470,470,"Solon City","Cuyahoga","Region 3",738.6666667,96.58333333,3.016666667,0,28.58333333,14.66666667,43.25,16039,831,15208,0.05181121,463,2327,3457,9792,97.1132864
"471",471,471,"South-Western City","Franklin","Region 11",730.5,93.31,17.5,0.9,76.70333333,0,77.60333333,96244,10532,85712,0.109430198,11291,32360,28801,23792,88.2683596
"472",472,472,"South Central Local","Huron","Region 2",247.3333333,95.6,5.4,0,0,7.333333333,7.333333333,3262,331,2931,0.10147149,626,1622,624,390,80.8093194
"473",473,473,"South Euclid-Lyndhurst City","Cuyahoga","Region 3",549.1666667,95.16666667,9.45,0,58.5,5.666666667,64.16666667,24523,1830,22693,0.074623823,1119,5135,7173,11096,95.4369368
"474",474,474,"South Point Local","Lawrence","Region 15",379,93.65,14.875,0,12,0,12,8155,1485,6670,0.182096873,1008,3587,2476,1084,87.639485
"475",475,475,"South Range Local","Mahoning","Region 5",414,96.1,4.966666667,0,0,0,0,4686,225,4461,0.048015365,278,1799,1314,1295,94.0674349
"476",476,476,"Southeast Local","Holmes","Region 9",137,95.8,5.8,0,0,0,0,9657,892,8765,0.09236823,4703,2853,1173,928,51.2995754
"477",477,477,"Southeast Local","Portage","Region 8",372,93.975,13.85,0,30.75,45.25,76,8043,447,7596,0.055576278,635,3860,2313,1235,92.104936
"478",478,478,"Southeastern Local","Clark","Region 10",244,94.8,11.6,0,0,0,0,3239,217,3022,0.066995986,250,1250,1117,622,92.2815684
"479",479,479,"Southeastern Local","Ross","Region 15",338.6666667,93.23333333,17.3,0,12.33333333,10,22.33333333,4442,585,3857,0.131697434,511,2396,891,644,88.4961729
"480",480,480,"Southern Local","Columbiana","Region 5",415.5,93.45,18.7,0,21.5,19,40.5,3876,518,3358,0.133642931,478,1996,971,431,87.6676987
"481",481,481,"Southern Local","Meigs","Region 16",362,93.15,19.85,0,0,12.5,12.5,3426,475,2951,0.138645651,664,1383,934,445,80.6187974
"482",482,482,"Southern Local","Perry","Region 16",330.5,92.15,26.25,0,0,55,55,2581,472,2109,0.182874855,380,1188,765,248,85.2770244
"483",483,483,"Southington Local","Trumbull","Region 5",161.6666667,93.93333333,14.46666667,0,3.333333333,0,3.333333333,2495,147,2348,0.058917836,283,1198,633,381,88.6573146
"484",484,484,"Southwest Licking Local","Licking","Region 11",814.8,94.56,11.02,0,22.72,127,149.72,16895,461,16434,0.027286179,1249,4866,5776,5004,92.6072803
"485",485,485,"Southwest Local","Hamilton","Region 13",603.3333333,94.28333333,13.9,0,15.96666667,8.166666667,24.13333333,16448,1192,15256,0.072470817,1445,6101,5178,3724,91.2147374
"486",486,486,"Spencerville Local","Allen","Region 6",310,96.63333333,2.8,0,0,0,0,3114,252,2862,0.080924855,317,1454,910,433,89.820167
"487",487,487,"Springboro Community City","Warren","Region 13",972,96.8,3,0,12.71666667,29.05,41.76666667,20232,482,19750,0.023823646,484,3219,4932,11597,97.6077501
"488",488,488,"Springfield Local","Lucas","Region 1",584.6666667,94.36666667,12.65,0,29.85,68.16666667,98.01666667,20604,1744,18860,0.084643758,1478,4588,6563,7975,92.8266356
"489",489,489,"Springfield Local","Mahoning","Region 5",314.3333333,95.46666667,5.8,0,0,3.333333333,3.333333333,5566,514,5052,0.092346389,224,2429,1550,1363,95.9755659
"490",490,490,"Springfield Local","Summit","Region 8",538.25,93.35,19.8,0,60.05,68.25,128.3,13734,1334,12400,0.097131207,1491,5976,4015,2252,89.1437309
"491",491,491,"Steubenville City","Jefferson","Region 12",508.8,95.52,7.42,0,0,2.2,2.2,9432,2256,7176,0.239185751,1000,3738,2849,1845,89.3977947
"492",492,492,"Strasburg-Franklin Local","Tuscarawas","Region 12",266,96.55,4.65,0,0,0,0,3268,302,2966,0.092411261,349,1522,804,593,89.3206854
"493",493,493,"Streetsboro City","Portage","Region 8",537.5,94.875,11.475,0,21.875,0,21.875,11008,587,10421,0.053324855,866,3774,3200,3168,92.1329942
"494",494,494,"Strongsville City","Cuyahoga","Region 3",748,95.58571429,6.157142857,0,16.44285714,17.08571429,33.52857143,32518,1355,31163,0.041669229,1136,7429,8740,15213,96.5065502
"495",495,495,"Struthers City","Mahoning","Region 5",580.3333333,92.6,20.73333333,0,35.66666667,0,35.66666667,7770,1089,6681,0.14015444,577,3660,2233,1300,92.5740026
"496",496,496,"Stryker Local","Williams","Region 1",203.5,96,5.85,0,0,0,0,1985,121,1864,0.060957179,79,885,728,293,96.0201511
"497",497,497,"Swanton Local","Fulton","Region 1",390.6666667,94.86666667,10.3,0,0,9.666666667,9.666666667,6553,347,6206,0.052952846,500,2671,2181,1201,92.3699069
"498",498,498,"Switzerland of Ohio Local","Belmont","Region 12",141,91.7,21.9,0,15,15,30,12536,2010,10526,0.160338226,1442,6435,3150,1509,88.4971283
"499",499,499,"Switzerland of Ohio Local","Monroe","Region 12",252.8571429,93.24285714,16.2,0,5.428571429,7.857142857,13.28571429,12536,2010,10526,0.160338226,1442,6435,3150,1509,88.4971283
"500",500,500,"Sycamore Community City","Hamilton","Region 13",771.2857143,96.08571429,4.757142857,0,9.071428571,28,37.07142857,23750,940,22810,0.039578947,424,2914,4693,15719,98.2147368
"501",501,501,"Symmes Valley Local","Lawrence","Region 15",380,93.9,13.05,0,0,0,0,2905,410,2495,0.141135972,320,1317,1013,255,88.9845095
"502",502,502,"Talawanda City","Butler","Region 13",576.6,94.52,11.56,0,5.8,6.6,12.4,15691,930,14761,0.059269645,1126,4723,3813,6029,92.8239118
"503",503,503,"Tallmadge City","Summit","Region 8",589.25,95.275,9.375,0,8.8,14.375,23.175,12529,631,11898,0.050363157,543,3523,3951,4512,95.6660548
"504",504,504,"Teays Valley Local","Pickaway","Region 11",581.1428571,94.44285714,11.07142857,0,5.571428571,12.28571429,17.85714286,12908,909,11999,0.070421444,1269,4940,3504,3195,90.1688875
"505",505,505,"Tecumseh Local","Clark","Region 10",574.6,94.32,12.94,0,5.4,41.2,46.6,12400,1437,10963,0.115887097,1537,4718,4067,2078,87.6048387
"506",506,506,"Three Rivers Local","Hamilton","Region 13",1058.5,94.05,15.2,0,14.5,0,14.5,11311,646,10665,0.057112545,950,3695,3007,3659,91.6010963
"507",507,507,"Tiffin City","Seneca","Region 7",491,95.02,9.62,0,12.4,18,30.4,14156,1453,12703,0.102641989,1070,5937,4209,2940,92.4413676
"508",508,508,"Tipp City Exempted Village","Miami","Region 10",499.8,96.08,5.24,0,4.2,8.4,12.6,10418,394,10024,0.037819159,462,2885,3623,3448,95.5653676
"509",509,509,"Toledo City","Lucas","Region 1",446.16,90.926,27.206,0,113.2102041,118.6428571,231.8530612,140182,31323,108859,0.223445235,21368,46114,47372,25328,84.7569588
"510",510,510,"Toronto City","Jefferson","Region 12",445,93,20.7,0,0,0,0,3745,595,3150,0.158878505,353,1738,1087,567,90.5740988
"511",511,511,"Tri-County North Local","Preble","Region 10",258.3333333,95,11.16666667,0,9.333333333,0,9.333333333,3975,255,3720,0.064150943,211,1759,1305,700,94.6918239
"512",512,512,"Tri-Valley Local","Muskingum","Region 12",494.3333333,95.13333333,8.6,0,0,0,0,11208,1088,10120,0.097073519,1074,4299,3400,2435,90.4175589
"513",513,513,"Tri-Village Local","Darke","Region 10",407.5,95.3,9.55,0,0,0,0,2942,184,2758,0.062542488,246,1504,823,369,91.6383413
"514",514,514,"Triad Local","Champaign","Region 6",265,93.83333333,11.96666667,0,10,0,10,4145,228,3917,0.055006031,290,1815,1351,689,93.0036188
"515",515,515,"Trimble Local","Athens","Region 16",260.3333333,91.46666667,23.1,0,8.666666667,0,8.666666667,3189,896,2293,0.28096582,640,1367,942,240,79.9310129
"516",516,516,"Triway Local","Wayne","Region 9",314.2,95.86,5.94,0,0,9.2,9.2,8903,759,8144,0.085252162,1048,3634,2262,1959,88.228687
"517",517,517,"Trotwood-Madison City","Montgomery","Region 10",514,91.78,27.84,0,74.04,21.9,95.94,13327,2543,10784,0.190815637,1684,4744,5077,1822,87.3639979
"518",518,518,"Troy City","Miami","Region 10",451.5555556,94.93333333,10.88888889,0,20.63333333,0,20.63333333,20611,1809,18802,0.087768667,1724,6431,6550,5906,91.6355344
"519",519,519,"Tuscarawas Valley Local","Tuscarawas","Region 12",323.75,95.95,5.025,0,2.5,0,2.5,7151,452,6699,0.063207943,549,3111,1865,1626,92.3227521
"520",520,520,"Tuslaw Local","Stark","Region 9",436.6666667,98.6,0.466666667,0,0,5,5,6753,296,6457,0.043832371,449,3104,1924,1276,93.3511032
"521",521,521,"Twin Valley Community Local","Preble","Region 10",269.3333333,95.13333333,9.433333333,0,8.233333333,0,8.233333333,3862,167,3695,0.043241844,383,1717,1081,681,90.0828586
"522",522,522,"Twinsburg City","Summit","Region 8",837.2,95.8,6.74,0,23.64,49.2,72.84,17684,899,16785,0.050836915,672,4058,4773,8181,96.1999548
"523",523,523,"Union-Scioto Local","Ross","Region 15",699.6666667,92.76666667,20.3,0,44.5,97.16666667,141.6666667,7771,753,7018,0.096898726,551,2761,2615,1844,92.9095355
"524",524,524,"Union Local","Belmont","Region 12",483.6666667,93.6,14.8,0,0,20.33333333,20.33333333,6202,511,5691,0.082392777,378,2731,2134,959,93.9051919
"525",525,525,"United Local","Columbiana","Region 5",569.5,94.85,9.65,0,0,0,0,4989,379,4610,0.075967128,516,2395,1208,870,89.6572459
"526",526,526,"Upper Arlington City","Franklin","Region 11",736.375,96.125,3.9375,0,3.775,0,3.775,24770,520,24250,0.020993137,343,1717,3525,19185,98.6152604
"527",527,527,"Upper Sandusky Exempted Village","Wyandot","Region 7",310.4,95.82,7.04,0,0,7.4,7.4,7534,493,7041,0.065436687,538,3421,2128,1447,92.859039
"528",528,528,"Upper Scioto Valley Local","Hardin","Region 6",136.6666667,92.63333333,24.3,0,10.66666667,0,10.66666667,2573,265,2308,0.102992616,360,1346,631,236,86.0085503
"529",529,529,"Urbana City","Champaign","Region 6",646.6666667,93.46666667,17.33333333,0,46.5,96.33333333,142.8333333,9949,1126,8823,0.113177204,874,4776,2591,1708,91.2151975
"530",530,530,"Valley Local","Scioto","Region 15",349.3333333,93.43333333,18.33333333,0,9.666666667,12.16666667,21.83333333,3753,561,3192,0.149480416,527,1227,1104,895,85.9579003
"531",531,531,"Valley View Local","Montgomery","Region 10",445.25,95.15,8.9,0,0,0,0,7351,471,6880,0.064072915,464,2523,2590,1774,93.6879336
"532",532,532,"Van Buren Local","Hancock","Region 1",353,96.86666667,1.866666667,0,0,0,0,4693,220,4473,0.046878329,247,1426,1408,1612,94.7368421
"533",533,533,"Van Wert City","Van Wert","Region 1",514.5,95.425,9.725,0,2.75,0,2.75,9406,1218,8188,0.129491814,890,4197,2618,1701,90.5379545
"534",534,534,"Vandalia-Butler City","Montgomery","Region 10",563.8,95.18,8.58,0,2.26,9.9,12.16,17332,1051,16281,0.06063928,1122,5006,6069,5135,93.5264251
"535",535,535,"Vanlue Local","Hancock","Region 1",88.5,96.95,3.25,0,0,0,0,1236,65,1171,0.052588997,37,551,386,262,97.0064725
"536",536,536,"Vermilion Local","Erie","Region 2",607.3333333,93.93333333,13.6,0,0,0,0,10774,767,10007,0.071189902,945,3649,3215,2965,91.2288844
"537",537,537,"Versailles Exempted Village","Darke","Region 10",436,97.5,1.166666667,0,0,0,0,3865,155,3710,0.040103493,196,1720,1003,946,94.9288486
"538",538,538,"Vinton County Local","Vinton","Region 16",391.4,93.96,14.76,0,0,24.5,24.5,9037,1332,7705,0.147394047,1717,3970,2211,1139,81.000332
"539",539,539,"Wadsworth City","Medina","Region 8",570.25,95.8625,5.2875,0,2.1,0,2.1,19810,992,18818,0.050075719,678,5760,5756,7616,96.5774861
"540",540,540,"Walnut Township Local","Fairfield","Region 11",244,93.9,14,0,0,5,5,3378,257,3121,0.076080521,350,1408,1120,500,89.6388396
"541",541,541,"Wapakoneta City","Auglaize","Region 6",607.4,95.12,11.3,0,0,0,0,13118,1124,11994,0.085683793,956,5832,4505,1825,92.7123037
"542",542,542,"Warren City","Trumbull","Region 5",952,89.88,34.26,0,223.84,332,555.84,22313,6429,15884,0.288127997,2896,9978,6409,3030,87.0210191
"543",543,543,"Warren Local","Washington","Region 16",503,95.075,10.975,0,0,4.25,4.25,10542,888,9654,0.084234491,945,4259,3426,1912,91.0358566
"544",544,544,"Warrensville Heights City","Cuyahoga","Region 3",329.6,92.08,24.2,0,49.8,41.2,91,9824,1546,8278,0.157369707,850,3343,4170,1461,91.3477199
"545",545,545,"Washington-Nile Local","Scioto","Region 15",478,94.4,11.23333333,0,15.66666667,0,15.66666667,5425,999,4426,0.184147465,701,2501,1545,678,87.078341
"546",546,546,"Washington Court House City","Fayette","Region 14",540.5,93.625,15.225,0,13.5,0,13.5,9149,1423,7726,0.155536124,1295,4230,2017,1607,85.8454476
"547",547,547,"Washington Local","Lucas","Region 1",634.5454545,93.7,16.8,0,43.59090909,27.81818182,71.40909091,34195,3739,30456,0.109343471,2950,11574,13670,6001,91.3730077
"548",548,548,"Waterloo Local","Portage","Region 8",342.6666667,93.46666667,18.7,0,24.33333333,0,24.33333333,5464,304,5160,0.055636896,496,2383,1498,1087,90.9224012
"549",549,549,"Wauseon Exempted Village","Fulton","Region 1",445,94.925,10.65,0,0,2.5,2.5,6616,526,6090,0.079504232,802,2746,1972,1096,87.8778718
"550",550,550,"Waverly City","Pike","Region 15",454,93.25,18.7,0,11.25,17,28.25,7748,956,6792,0.12338668,1109,2864,2409,1366,85.6866288
"551",551,551,"Wayne Local","Warren","Region 13",463,96.06666667,5.266666667,0,0,0,0,6227,309,5918,0.049622611,529,2053,1525,2120,91.5047374
"552",552,552,"Wayne Trace Local","Paulding","Region 1",298,96.06666667,5.833333333,0,4,0,4,3779,308,3471,0.081503043,313,1823,958,685,91.7173856
"553",553,553,"Waynesfield-Goshen Local","Auglaize","Region 6",244,95.4,7.2,0,0,5.5,5.5,1992,134,1858,0.067269076,132,1006,562,292,93.373494
"554",554,554,"Weathersfield Local","Trumbull","Region 5",493,94.65,11.85,0,0,8.5,8.5,3799,364,3435,0.095814688,299,1719,1023,758,92.1295078
"555",555,555,"Wellington Exempted Village","Lorain","Region 2",333.3333333,93.9,14.26666667,0,0,10.66666667,10.66666667,6460,603,5857,0.093343653,471,2456,2251,1282,92.7089783
"556",556,556,"Wellston City","Jackson","Region 16",325.75,92.375,23.125,0,2.75,20.25,23,5858,1043,4815,0.178047115,1379,2452,1256,771,76.4595425
"557",557,557,"Wellsville Local","Columbiana","Region 5",233.3333333,93.7,17.06666667,0,0,0,0,3197,584,2613,0.182671254,564,1521,863,249,82.3584611
"558",558,558,"West Branch Local","Columbiana","Region 5",338,95.1,8.6,0,0,0,0,8839,873,7966,0.098766829,756,4149,2468,1466,91.4469963
"559",559,559,"West Branch Local","Mahoning","Region 5",550.6666667,94.23333333,13.1,0,5.666666667,20,25.66666667,8839,873,7966,0.098766829,756,4149,2468,1466,91.4469963
"560",560,560,"West Carrollton City","Montgomery","Region 10",500.1428571,93.62857143,16.32857143,0,20.1,0,20.1,19446,2408,17038,0.123830094,1916,6483,7261,3786,90.1470739
"561",561,561,"West Clermont Local","Clermont","Region 13",797.5,93.82,14.86,1.35,49.31,57.43,108.09,47212,4360,42852,0.092349403,4473,15357,14675,12707,90.5257138
"562",562,562,"West Geauga Local","Geauga","Region 4",453.75,94.925,9.125,0,6.75,0,6.75,11786,604,11182,0.051247242,432,3021,3517,4816,96.3346343
"563",563,563,"West Holmes Local","Holmes","Region 9",297.5714286,95.45714286,6.985714286,0,1.571428571,6.857142857,8.428571429,11685,1415,10270,0.121095421,2396,5463,2331,1495,79.4950792
"564",564,564,"West Liberty-Salem Local","Champaign","Region 6",593,95.15,9.1,0,0,0,0,3787,183,3604,0.048323211,212,1626,1278,671,94.4019012
"565",565,565,"West Muskingum Local","Muskingum","Region 12",460,93.83333333,16.13333333,0,10.76666667,15,25.76666667,9989,773,9216,0.077385124,806,3835,3318,2030,91.9311242
"566",566,566,"Western Brown Local","Brown","Region 14",722.25,94.975,11.675,0,22.25,0,22.25,11702,1145,10557,0.097846522,1461,5756,3112,1373,87.5149547
"567",567,567,"Western Local","Pike","Region 15",247.3333333,93.2,19,0,14.66666667,0,14.66666667,3225,546,2679,0.169302326,627,1657,760,181,80.5581395
"568",568,568,"Western Reserve Local","Huron","Region 2",331,95.1,9.066666667,0,0,23.5,23.5,4354,133,4221,0.030546624,488,2051,1189,626,88.7919155
"569",569,569,"Western Reserve Local","Mahoning","Region 5",217.3333333,94.63333333,9.466666667,0,0,0,0,3165,116,3049,0.036650869,269,1372,926,598,91.5007899
"570",570,570,"Westerville City","Delaware","Region 11",1042.333333,94.98333333,9.466666667,0,30.43333333,48.91666667,79.35,67851,4033,63818,0.059439065,3115,14137,18050,32549,95.4090581
"571",571,571,"Westerville City","Franklin","Region 11",554.2666667,95.49333333,7.606666667,0,14.94,16.02,30.96,67851,4033,63818,0.059439065,3115,14137,18050,32549,95.4090581
"572",572,572,"Westfall Local","Pickaway","Region 11",454,95.1,9.433333333,0,18.5,32.33333333,50.83333333,6007,474,5533,0.078907941,837,2619,1648,903,86.066256
"573",573,573,"Westlake City","Cuyahoga","Region 3",489.5714286,95.62857143,5.657142857,0,6.685714286,1.571428571,8.257142857,23130,1022,22108,0.044185041,700,3948,6046,12436,96.9736273
"574",574,574,"Wheelersburg Local","Scioto","Region 15",525.3333333,95.33333333,7.433333333,0,0,0,0,5740,626,5114,0.109059233,543,2391,1556,1250,90.5400697
"575",575,575,"Whitehall City","Franklin","Region 11",695.4,92.3,23.54,0,111.8,59.8,171.6,11697,1966,9731,0.168077285,1796,4579,3622,1700,84.6456356
"576",576,576,"Wickliffe City","Lake","Region 4",419.6666667,94.3,14.83333333,0,11.33333333,13.66666667,25,9080,514,8566,0.05660793,655,3148,3047,2230,92.7863436
"577",577,577,"Willard City","Huron","Region 7",482.6666667,94.13333333,15.6,0,10.33333333,19.16666667,29.5,7075,774,6301,0.109399293,822,3509,1907,837,88.3816254
"578",578,578,"Williamsburg Local","Clermont","Region 13",498.5,94.35,13.5,0,6,0,6,4743,465,4278,0.098039216,611,1920,1386,826,87.1178579
"579",579,579,"Willoughby-Eastlake City","Lake","Region 4",672.7272727,94.41818182,13.10909091,0,17.81818182,0,17.81818182,48140,3600,44540,0.074781886,3343,15209,16573,13015,93.055671
"580",580,580,"Wilmington City","Clinton","Region 14",544,94,13.38,0,0,0,0,13627,1835,11792,0.134659133,1593,4864,4074,3096,88.3099728
"581",581,581,"Windham Exempted Village","Portage","Region 8",161.3333333,93.53333333,17.5,0,10.66666667,0,10.66666667,2636,335,2301,0.127086495,309,1449,572,306,88.2776935
"582",582,582,"Winton Woods City","Hamilton","Region 13",624.5,92.75,20.65,0,64.11666667,0,64.11666667,17097,1314,15783,0.076855589,1506,4880,5368,5343,91.1914371
"583",583,583,"Wolf Creek Local","Washington","Region 16",301.5,94.95,10.35,0,0,0,0,2392,133,2259,0.055602007,180,1235,723,254,92.4749164
"584",584,584,"Woodmore Local","Ottawa","Region 1",242,95.05,8.6,0,0,0,0,4864,506,4358,0.104029605,380,1675,1611,1198,92.1875
"585",585,585,"Woodmore Local","Sandusky","Region 1",451,95.7,5.3,0,12,0,12,4864,506,4358,0.104029605,380,1675,1611,1198,92.1875
"586",586,586,"Woodridge Local","Summit","Region 8",619.6666667,94.7,11,0,29,0,29,12812,1041,11771,0.081251951,599,2939,4008,5266,95.3246956
"587",587,587,"Wooster City","Wayne","Region 9",551.1666667,94.75,10.51666667,0,9.383333333,15.78333333,25.16666667,19700,2140,17560,0.108629442,1204,7185,5412,5899,93.8883249
"588",588,588,"Worthington City","Franklin","Region 11",573.0588235,95.67647059,6.452941176,0,6.617647059,0,6.617647059,45342,1963,43379,0.043293194,1012,6316,11232,26782,97.7680738
"589",589,589,"Wynford Local","Crawford","Region 7",362.6666667,95.1,10.1,0,0,10.66666667,10.66666667,4209,478,3731,0.113566168,267,1932,1359,651,93.6564505
"590",590,590,"Wyoming City","Hamilton","Region 13",394.2,95.88,5.2,0,0,4.8,4.8,5639,100,5539,0.017733641,57,512,1028,4042,98.9891825
"591",591,591,"Xenia Community City","Greene","Region 10",506.5,93.0875,18.475,0,29.1,0,29.1,24739,3222,21517,0.130239702,2389,9326,7646,5378,90.3431828
"592",592,592,"Yellow Springs Exempted Village","Greene","Region 10",334,94.05,13.5,0,0,0,0,3294,407,2887,0.123557984,145,392,718,2039,95.5980571
"593",593,593,"Youngstown City","Mahoning","Region 5",374.0714286,88.77142857,40.9,0,69.86428571,0,69.86428571,43139,11575,31564,0.268318691,6727,17244,13228,5940,84.4062217
"594",594,594,"Zane Trace Local","Ross","Region 15",415.6666667,94.03333333,14.43333333,0,20.33333333,0,20.33333333,6782,695,6087,0.102477145,569,2958,2211,1044,91.6101445
"595",595,595,"Zanesville City","Muskingum","Region 12",630.2,92.78,22.86,0,35.4,90.3,125.7,17313,3593,13720,0.207531912,2589,7290,5288,2146,85.0459193
